20160622|http://bridgeandtunnelinvestor.com/thread/59/good-start-new-board?page=2|Good start to new boardBridge and Tunnel Investor|Be a part of the most current forum/discussion on stocks around the globe. Including: Bonds,options. What you need to know NOW
20160625|http://bridgeandtunnelinvestor.com/thread/2701/article-high-court-review-decision|Article High Court Must Review Test DecisionBridge|Be a part of the most current forum/discussion on stocks around the globe. Including: Bonds,options. What you need to know NOW
20160625|http://bridgeandtunnelinvestor.com/thread/894/guardant-health?page=4|Guardant HealthBridge and Tunnel Investor|Guardant Health®, the leader in comprehensive liquid biopsies, announced it will present data on the somatic genomic landscape found in more than
20160628|http://bridgeandtunnelinvestor.com/thread/2707/william-blair-positive-sentiment-creeping|William Blair: positive sentiment creeping into the stock|Be a part of the most current forum/discussion on stocks around the globe. Including: Bonds,options. What you need to know NOW
20160802|http://bridgeandtunnelinvestor.com/thread/2771/grievances|grievancesBridge and Tunnel Investor|Be a part of the most current forum/discussion on stocks around the globe. Including: Bonds,options. What you need to know NOW
20160821|http://bridgeandtunnelinvestor.com/thread/2851/setting-body-serial-killers-cancer|NYT: Setting the Body Serial Killers on CancerBridge|Be a part of the most current forum/discussion on stocks around the globe. Including: Bonds,options. What you need to know NOW
20160821|http://bridgeandtunnelinvestor.com/thread/2848/beginner-guide-market-explosive-stocks|Beginner’s Guide to the Market’s Most Explosive Stocks|Be a part of the most current forum/discussion on stocks around the globe. Including: Bonds,options. What you need to know NOW
20160907|http://bridgeandtunnelinvestor.com/thread/2816/bgs-foods|$BGS BGS FoodsBridge and Tunnel Investor|Be a part of the most current forum/discussion on stocks around the globe. Including: Bonds,options. What you need to know NOW
20160907|http://bridgeandtunnelinvestor.com/thread/2921/benzinga-pro|Benzinga ProBridge and Tunnel Investor|Be a part of the most current forum/discussion on stocks around the globe. Including: Bonds,options. What you need to know NOW
20160912|http://www.youtube.com/watch?v=Q7K8-RQP9jg|Twilio Global Mobile Messaging Consumer|Twilio Global Mobile Messaging Consumer Report ... Today Twilio released its Global Mobile Messaging Consumer Report. ... Acacia Communications
20160912|http://bridgeandtunnelinvestor.com/thread/3212/federal-reserve|Federal ReserveBridge and Tunnel Investor|Be a part of the most current forum/discussion on stocks around the globe. Including: Bonds,options. What you need to know NOW
20160922|http://bridgeandtunnelinvestor.com/thread/3075/analyst-reports-ratings|Analyst Reports/RatingsBridge and Tunnel Investor|Be a part of the most current forum/discussion on stocks around the globe. Including: Bonds,options. What you need to know NOW
20161025|http://bridgeandtunnelinvestor.com/thread/3504/german-issues-preliminary-injunction-amedes|Bridge and Tunnel Investor|Be a part of the most current forum/discussion on stocks around the globe. Including: Bonds,options. What you need to know NOW
20161122|http://bridgeandtunnelinvestor.com/thread/3577/november-christmas-comes-early-nipt|It's November, But Christmas Comes Early For NIPT|Be a part of the most current forum/discussion on stocks around the globe. Including: Bonds,options. What you need to know NOW
20161202|http://bridgeandtunnelinvestor.com/thread/3585/health-care-tops-morningstar-5star|Health care tops list of morningstar 5starBridge and|Bridge and Tunnel Investor. Healthcare. Health care tops list of morningstar 5star. Investment Themes. Gene Editing. bluebirdbio. Analyst Activity.
20161212|http://bridgeandtunnelinvestor.com/thread/3592/crbp-corbus-pharmaceuticals|CRBP - Corbus PharmaceuticalsBridge and Tunnel Investor|Be a part of the most current forum/discussion on stocks around the globe. Including: Bonds,options. What you need to know NOW
20161221|http://bridgeandtunnelinvestor.com/thread/3596/srpt-leerink|SRPT leerinkBridge and Tunnel Investor|Be a part of the most current forum/discussion on stocks around the globe. Including: Bonds,options. What you need to know NOW
20170126|http://bridgeandtunnelinvestor.com/thread/3678/virtual-assistants|Virtual AssistantsBridge and Tunnel Investor|Be a part of the most current forum/discussion on stocks around the globe. Including: Bonds,options. What you need to know NOW
20170131|http://bridgeandtunnelinvestor.com/thread/3317/oclr-fiber-optic-stock-ultra?page=4|$OCLR, fiber-optic stock that should become ultra-hot|$OCLR, fiber-optic stock that should become ultra-hot... Investment Themes. ... Acacia Communications. Reply $OCLR, fiber-optic stock that should
20170408|http://bridgeandtunnelinvestor.com/thread/3670/2017-voice-report|Voice LabsBridge and Tunnel Investor|Be a part of the most current forum/discussion on stocks around the globe. Including: Bonds,options. What you need to know NOW
20170416|http://bridgeandtunnelinvestor.com/thread/3899/cortana-vpa|Cortana VPABridge and Tunnel Investor|Be a part of the most current forum/discussion on stocks around the globe. Including: Bonds,options. What you need to know NOW
20170429|http://bridgeandtunnelinvestor.com/thread/3092/events-catalysts?page=2&scrollTo=23299|Events/CatalystsBridge and Tunnel Investor|Be a part of the most current forum/discussion on stocks around the globe. Including: Bonds,options. What you need to know NOW
20170625|http://bridgeandtunnelinvestor.com/thread/4055/deep-dive-lipid-nanoparticle-lnp|Deep Dive on Lipid Nanoparticle (LNP)Bridge and|Be a part of the most current forum/discussion on stocks around the globe. Including: Bonds,options. What you need to know NOW
20170718|http://healthcaremenu.net/2017/07/18/analyst-activity-william-blair-reiterates-outperform-on/|Analyst Activity - William Blair Reiterates Outperform on|Acacia Communications had a return on equity of 43.80% and a net margin of 30.02%. The business had revenue of $114.67 million during
20170719|http://www.nasdaq.com/article/notable-wednesday-option-activity-ms-pool-acia-cm818345|Notable Wednesday Option Activity: MS, POOL, ACIA - Nasdaq.com|And Acacia Communications Inc (Symbol: ACIA) options are showing a volume of 4,928 contracts thus far today.