20160711|http://www.youtube.com/watch?v=gUqmHFBB1Kw|07-12-2016 StockRing : BUY 46 IPOs 2015 stocks|Video embedded What to Buy from IPOs 2015 stocks. Generated by Android App:
20160906|http://www.youtube.com/watch?v=5pj5Ov3xiCk|EXEL, LMAT, NKTR, SLCA - Harry Boxer,|EXEL, LMAT, NKTR, SLCA - Harry Boxer, TheTechTrader.com Harry Boxer - TheTechTrader. ... (BZUN) Baozun
20160914|http://www.youtube.com/watch?v=duFdbM4fveI|09/15/2016 StockRing : BUY 20 CHINA stocks - YouTube|Video embedded StockRing: BUY 20 CHINA stocks on 09/15/2016 Generated by FREE Android ... 09/15/2016 StockRing : BUY 20 CHINA stocks ... Baozun
20161003|http://www.youtube.com/watch?v=l5REd1pdPJM|Stock After Dark $NTNX $BZUN $OCN $SCYX $NVFY|Video embedded (BZUN) Baozun, Inc. - Duration: 3:19. Bill Gunderson 245 views. 3:19. #PreMarket Live is on! $SPY $QQQ $FB $CBI $TWTR $CBI $APDN
20161116|http://stockaholics.net/threads/bzun-baozun-inc.2426/|BZUN - Baozun IncStockaholics|Baozun Inc. provides e-commerce solutions for brand partners in the People's Republic of China. It offers end-to-end e-commerce solutions, including IT
20170111|http://www.youtube.com/watch?v=tiicyc7xnIc|EXEL, LMAT, MB, SHOP - Harry Boxer, TheTechTrader|Video embedded EXEL, LMAT, MB, SHOP - Harry Boxer, TheTechTrader.com Harry Boxer ... BAOZUN ANIMATION Final for ... CHKP, MIME, OCLR, SHOP â€” Harry Boxer, TheTechTrader
20170405|http://www.youtube.com/watch?v=CNvgYM_OLjE|A current example of what I consider a Best Stock|(BZUN) Baozun, Inc. - Duration: 3:19. Bill Gunderson 185 views. 3:19. If I sell my tech stocks, what
20170412|http://www.youtube.com/watch?v=YPcDy4j-r-k|(SYMC) Symantec Corporation - YouTube|(SYMC) Symantec Corporation. Category NewsPolitics; License Standard YouTube License; ... Baozun,
20170509|http://www.youtube.com/watch?v=XTxI35W2ffA|AAOI, MZOR, TDOC, TROX - Harry Boxer,|AAOI, MZOR, TDOC, TROX - Harry Boxer, TheTechTrader.com Harry Boxer - TheTechTrader. ... (BZUN) Baozun
20170511|http://www.youtube.com/watch?v=mGC3867Zaco|FIVN, IPXL, DDS, RL - Harry Boxer, TheTechTrader.com - YouTube|Video embedded 5/11/17 - www.TheTechTrader.com - Five9, Inc. (FIVN) has been one of my favorite stocks and on my Top 25 list all year. It formed a
20170514|http://www.youtube.com/watch?v=sp2pl4zyj5k|May Stocks EarningsðŸ“ŠWeek of May 15-19ðŸ“† - YouTube|Video embedded Baozun Inc - bazoun stock symbol bzun Cisco Systems, Inc - cisco stock symbol csco Target corporation - target stock symbol tgt
20170520|https://jeremiadus.com/2017/06/21/what-this-thai-tennis-coach-can-teach-you-about-emerging-stocks-bloomberg-news/|What This Thai Tennis Coach Can Teach You About|What This Thai Tennis Coach Can Teach You About Emerging Stocks (Bloomberg News) ... Coach Can Teach You About Emerging Stocks. ... commerce player Baozun
20170525|http://icrowdnewswire.com/2017/05/25/services-stocks-on-investors-radar-charter-communications-liberty-global-baozun-and-liberty-ventures/|Services Stocks on Investorsâ€™ Radar â€” Charter|6:20 AM ET. Services Stocks on Investorsâ€™ Radar â€” Charter Communications, Liberty Global, Baozun, and Liberty Ventures
20170531|http://stockznews.com/2017/05/31/|May 31, 2017 â€“ Stockz NEWS|Manuel Dickens 0 Comment Baozun Inc., BZUN, Inc., Liberty Tripadvisor Holdings, LTRPA. Shares of Baozun Inc. (BZUN) made a loss as they have
20170612|http://www.sb.marketwatch.com/story/featured-company-news---amazon-to-create-more-than-1500-jobs-at-fulfillment-center-in-connecticut-2017-06-12|Featured Company News - Amazon to Create More|(ACCESSWIRE via COMTEX) -- Research Desk Line-up: Baozun Post Earnings Coverage LONDON, UK / ACCESSWIRE / June 12
20170612|https://205.203.139.53/story/featured-company-news---amazon-to-create-more-than-1500-jobs-at-fulfillment-center-in-connecticut-2017-06-12|Featured Company News - Amazon to Create More|(ACCESSWIRE via COMTEX) -- Research Desk Line-up: Baozun Post Earnings Coverage LONDON, UK / ACCESSWIRE / June 12
20170711|http://www.businessinsider.com/archives?vertical=reuters&date=2017-07-11|reuters Archives - July 11 2017 - Business Insider|BRIEF-Baozun announces appointment of new director: BRIEF-Opko Health CEO Phillip Frost buys 50,000 shares of co's common stock on July 10:
20170713|https://www.revscene.net/forums/374823-stock-market-thread-379.html|STOCK MARKET Thread - Page 379 - REVscene Automotive Forum|Welcome to the REVscene Automotive Forum forums. ... STOCK MARKET Thread User Name: Remember Me? ... Baozun, and Sina all posted
20170717|http://www.barrons.com/articles/3-chinese-stocks-with-strong-earnings-growth-1500338955|3 Chinese Stocks With Strong Earnings Growth - Barron's|E-commerce play Baozun is up 144% this year, boosted by bullish calls for 60% annual earnings growth.
20170720|http://www.cnbc.com/2017/07/20/cramer-remix-amazon-is-king-whether-you-like-it-or-not.html|Cramer Remix: Amazon is king, whether you like it or not|Finally, Cramer sat down with Vincent Qiu, the chairman and CEO of Chinese e-commerce solutions provider Baozun, to find out how the company helps
20170722|http://www.fidaily.com/capital-one-us-bankcorp-todays-rates-for-home-mortgages-jul-22-2017/378454/shelly-thomas|Capital One, US Bankcorp: Todayâ€™s Rates for Home|Baozun Inc. â€“ American Deposita (BZUN) Saw a 52-Week High BancFirst Corporation (BANF) Reaches 52-Week High CBOE Holdings, Inc. (CBOE) Saw a New
20170723|http://fumbleboard.com/2017/07/23/baozun-bzun-getting-favorable-news-coverage-analysis-finds/|Baozun (BZUN) Getting Favorable News Coverage,|BZUN exchanged 1.34 million shares in recent session versus to the average volume of 1.73 million shares while its relative volume is 0.77. They now have
20170723|http://fumbleboard.com/2017/07/23/cheniere-energy-partners-lp-holdings-llc/|Cheniere Energy Partners LP Holdings LLC|Baozun (BZUN) Getting Favorable News Coverage, Analysis Finds- 16:39 Driehaus Capital Management LLC augmented its stake by buying
20170723|http://wobko.net/2017/07/23/el-adelanto-de-the-walking-dead-anuncia-una-guerra.html|El adelanto de The Walking Dead anuncia una guerra|La octava temporada de The Walking Dead estÃ¡ en pleno rodaje y AMC acaba de revelar la fecha de estreno de los nuevos episodios que mostrarÃ¡n el
20170723|http://healthcaremenu.net/2017/07/23/is-buying-all-time-stock-like-baozun-inc-adr-bzun-a-winning/|Is Buying All-time Stock Like Baozun Inc (ADR) (BZUN) a|Shares of Baozun (BZUN) opened at 32.38 on Friday. Several other brokerages have also recently commented on BZUN. In taking a look at technical
20170723|http://healthcaremenu.net/2017/07/23/harmanpreet-kaur-got-batting-tips-from-ajinkya-rahane/|Harmanpreet Kaur got batting tips from Ajinkya Rahane|Equities research analysts anticipate that Baozun will post $0.70 earnings per share for the current fiscal year.
20170723|http://nolopodrasdejardever.com/2017/07/baozun-inc-nasdaq-bzun-raised-to-hold-at-zacks-investment/|Baozun Inc. (NASDAQ:BZUN) Raised to Hold at Zacks|Shares of Baozun (BZUN) opened at 32.38 on Friday. BZUN exchanged 1.34 million shares in recent session versus to the average volume of 1.73 million
20170723|http://wobko.net/2017/07/23/target-price-updates-on-baozun-inc-nasdaq-bzun-xencor-inc.html|Target Price Updates on Baozun Inc. (NASDAQ:BZUN),|Another case in favor of a single-payer or possible hybrid health care system would be to negotiate pharmaceutical costs. On Tuesday, however, Gore