20170602|http://www.outlawstreetcars.com/forum/activity.php|Activity Stream - Out Law Street Cars|Activity Stream; Welcome to Outlawstreetcars.com, Please sign in. If you have not registered, Click here to Join, it's all Free, so you don't miss out on all
20170603|http://www.youtube.com/watch?v=Oa1TKftIUDs|2017 Toyota Camry Review - YouTube|Video embedded Cars.com 52,178 views. 2:26. 2018 Toyota Camry XSE – Redline: First Impressions - Duration: 5:15. Redline Reviews 410,335 views.
20170604|http://www.youtube.com/watch?v=GfWhrNy6tbs|CarsTrucks - Tow Trucks For KidsEmergency|Video embedded Unsubscribe from Best Baby Games? Please Subscribe our YouTube channel : https://www.youtube.com/channel/UCbTf
20170604|https://polfest.com/2017/02/15/annual-car-show/|Annual Car Show – Polish Heritage Festival|Dozens of antique cars in display - classic, antique, exotic, custom, foreign and trucks! Be the judge and pick your favorite! Registration Details:
20170606|http://www.youtube.com/watch?v=iuZgpKC6Tfg|What's the Best 2017 Compact SUV for Towing? - YouTube|Video embedded Cars.com’s Mike Hanley goes over the 2017 compact models that offer significantly more towing capability than the class norm in this
20170607|http://www.outlawstreetcars.com/forum/search.php?searchid=297772|Search Results - Out Law Street Cars|Welcome to Outlawstreetcars.com, Please sign in. If you have not registered, Click here to Join, it's all Free, so you don't miss out on all the great
20170607|http://www.fordraptorforum.com/f264/i-ordered-dry-my-cars-55304/|I ordered this to dry my cars. - FORD RAPTOR FORUM|This is a discussion on I ordered this to dry my cars. within the Ford Raptor Exterior Forum [GEN 2] forums, part of the GEN 2 (2017+) Ford F-150 Raptor
20170608|http://www.fordraptorforum.com/f264/i-ordered-dry-my-cars-55304/index2.html|I ordered this to dry my cars. - FORD RAPTOR FORUM|Page 2-GEN 2 I ordered this to dry my cars. Ford Raptor Exterior Forum [GEN 2]
20170611|http://www.ffcars.com/forums/5745234-post1.html|FFCars.com : Factory Five Racing Discussion Forum|Post 5745234 - FFCars is dedicated to owners and builders of Factory Five Roadster's, GTM's, Spec Racers and Coupe's. Free discussion forum with free
20170612|http://www.ign.com/articles/2017/06/12/cars-3-review|Cars 3 Review - IGN|Watch video It took three movies, but Pixar's Cars franchise finally actually feels like it’s made by Pixar. There’s a very meta scene in Cars 3 where
20170613|http://www.fordraptorforum.com/f42/pro-touring-muscle-cars-52014/|Pro touring muscle cars - FORD RAPTOR FORUM|This is a discussion on Pro touring muscle cars within the Other Vehicles forums, part of the Ford Raptor Forums - Member's Area category! I've been
20170614|http://www.fordraptorforum.com/f264/i-ordered-dry-my-cars-55304/index3.html|GEN 2 I ordered this to dry my cars. - Page 3 - FORD|This is a discussion on I ordered this to dry my cars. within the Ford Raptor Exterior Forum [GEN 2] forums, part of the GEN 2 (2017+) Ford F-150 Raptor
20170616|http://thepoliticsforums.com/threads/84409-The-Worst-Automobile-News-ever/page2|The Worst Automobile News ever - Page 2|Jaguar XJS Convertible Models, Price, Specs, ReviewsCars.com Jaguar D-Type - Wikipedia Jaguar E-Type - Wikipedia Help; Remember Me? What's New?
20170616|http://thepoliticsforums.com/threads/84409-The-Worst-Automobile-News-ever/page3|The Worst Automobile News ever - Page 3|Just saw an ad for a Jaguar SUV! Jaguar, the marque of the D Types of the 50's, the E Types of the 60's, the XJS V12 Convertibles of the 80's. The most
20170617|https://www.theautochannel.com/news/topic.html?topic=2352|News By Topic: Mahindra - The Auto Channel|Cars.com Names 2016 GMC Canyon Best Midsize Pickup Truck Aug 24, 2016 CHICAGO, Aug. 24, 2016 -- Cars.com put the current lineup of midsize pickup
20170618|https://www.4runners.com/threads/17-trd-offroad.2998/|17 TRD OFFROADToyota 4Runner Forum [4Runners.com]|Yeah i read about the earthquake in another thread not long after posting this one. Ive been on cars.com to seek out the exact trail model I want and they are
20170618|https://aston1936.com/|Aston 1936 – DIY Chronicles with my 2005 Aston Martin|https://youtu.be/HvF2NbiEPwc My Latest Posts My most recent posts will always be listed here. You can find the old familiar list of my 10 most recent
20170710|http://www.foxnews.com/tech/2017/07/10/smart-safe-tech-for-cars-theres-safety-in-connectivity.html|SmartSafe Tech: For cars, there's safety in|The road can be unpredictable. Hum by Verizon brings your car up to speed with today's latest technology. Connecting drivers to emergency services,
20170710|https://www.usatoday.com/story/money/cars/2017/07/10/chevrolet-colorado-zh-2-fuel-cell-electric-trucks/463896001/|Chevrolet Colorado fuel cell electric truck made for U.S.|Watch video These are the 5 best four-wheel drive cars for the snow. Video provided by TheStreet Newslook The U.S. Army has begun testing an extreme
20170711|http://www.motorcycle.com/|Motorcycle Reviews, Videos, Prices and Used Motorcycles|Motorcycle News and Reviews. Free online source of Motorcycle videos, pictures, insurance, and Forums.
20170711|https://www.usatoday.com/story/money/cars/2017/07/11/city-driving-rural-driving-study/467247001/|City driving spikes, rural driving falls as opportunity shifts|The divide between urban and rural America in widening in another area that has nothing to do with politics: driving. U.S. city driving has spiked since
20170712|https://www.cars.com/articles/do-you-drive-one-of-the-most-stolen-cars-1420696143770/|Do You Drive One of the Most Stolen Cars?NewsCars.com|CARS.COM — At this point, owners of 20-year-old Honda Accords must be getting sick of Have you checked the garage recently? jokes. According to a just
20170712|https://www.yahoo.com/news/sell-car-162408614.html|How to Sell Your Car - yahoo.com|Cars.com offers several ad packages from free to $49 depending on what's included. Free ads run for 30 days with five photos of your car that you upload
20170715|https://www.usatoday.com/story/money/cars/2017/07/15/just-cool-cars-51-chevy-pickup-celebrates-rust/103715006/|Just Cool Cars: This '51 Chevrolet pickup celebrates rust|Powered by Cars.com. This story is part of the series just cool cars. Just Cool Cars: A Ford Model A? Guess again. Just Cool Cars: This Pontiac GTO is
20170715|http://totalmcars.com/|HomeTotalMCars.com|New Tri Coloured Stickers now available in the shop. Totalmcars.com Lanyards now available in the TMC shop. Totalmcars clothing now available in the shop.
20170717|https://www.cars.com/articles/2018-subaru-crosstrek-first-drive-1420696189333/|2018 Subaru Crosstrek: First DriveNewsCars.com|CARS.COM — We liked the original Subaru Crosstrek — the Impreza-based, butched-up soft-roader hatchback — enough that it won our Subcompact SUV
20170718|https://www.cars.com/articles/2018-dodge-challenger-srt-demon-review-first-drive-1420696284363/|2018 Dodge Challenger SRT Demon - cars.com|CARS.COM — I'd be lying if I said I wasn't intimidated by the opportunity to drive the 840-horsepower 2018 Dodge Challenger SRT Demon, a car claimed
20170719|http://www.ksl.com/?nid=151&sid=45085277&title=made-in-usa-goods-can-be-pricey-and-elusive-just-ask-trump|Made-in-USA goods can be pricey and elusive. Just ask|When Cars.com unveiled its list 11 years ago, more than 60 vehicles earned the American-made label. Because of globalization, the number qualifying
20170719|https://www.cars.com/articles/buick-lowers-price-for-base-2018-regal-1420696322927/|Buick Lowers Price for Base 2018 RegalNewsCars.com|CARS.COM — With its redesign for 2018, the Buick Regal has transformed from a sedan to a four-door hatchback dubbed the Regal Sportback and a
20170719|https://www.cars.com/articles/2018-buick-regal-gs-preview-1420696291154/|2018 Buick Regal GS PreviewNewsCars.com|Buick continues to rethink its mid-size Regal by unveiling today a new Regal GS performance model, which trades the former turbo four-cylinder for smooth
20170720|https://www.cars.com/articles/2017-mazda-cx-5-video-review-1420696356837/|2017 Mazda CX-5 Video ReviewNewsCars.com|CARS.COM — Mazda's CX-5 compact SUV has always been one of the more fun-to-drive in the segment. But a redesign for 2017 adds all sorts of goodies - so
20170720|https://www.cars.com/articles/nissan-demonstrates-semi-autonomous-propilot-feature-1420696358233/|Nissan Demonstrates Semi-Autonomous ProPilot|CARS.COM — You've heard time and again that the autonomous cars are coming! in countless articles across the internet (including right here on this
20170721|https://www.cars.com/articles/2018-subaru-impreza-whats-changed-1420696357232/|2018 Subaru Impreza: What's ChangedNewsCars.com|Changes for the 2018 Subaru Impreza, redesigned one model year ago, are slight, but so is the price increase of up only $140.
20170721|https://www.cars.com/articles/2007-2012-nissan-versa-recall-alert-1420696361476/|2007-2012 Nissan Versa: Recall AlertNewsCars.com|The Problem: The driver frontal airbag inflator may rupture due to propellant degradation occurring after long-term exposure to moderate absolute humidity
20170721|http://www.totalmcars.com/thread/8839/photo-bucket-message|photo bucket messageTotalMCars.com|Could people go into their profile and delete the photobucket message. i'm fed up of seeing their Ransom note.