20160926|http://www.youtube.com/watch?v=ck0CamwZ8jQ|River the Golden Retriever - YouTube|Video embedded While I was doing yoga this morning, 3 1/2 month old River found himself in the mirror.
20120418|http://www.youtube.com/watch?v=ZpXqXct7I_s|How to Paint Rocks Into Cute Lady Bugs - YouTube|Welcome to the whimsy's studio on the internet in this video I will walk you through taking an natural smooth rock
20140724|http://www.youtube.com/watch?v=FJHAjJXwQDs|Alligator vs dog: Man saves his golden retriever|Alligator vs dog: Man saves his golden retriever from the jaws of huge Florida gator TomoNews US. ... A scared Golden
20140404|http://www.youtube.com/watch?v=1SDJSu2eLd8|HONKY TONK SWING - NEW SPIRIT of Country|Chorégraphie : Honky Tonk Swing Chorégraphe : Gary Lafferty, novembre 2013 Niveau : débutant Musique :
20141129|http://www.youtube.com/watch?v=G5uWcx9q0oU|Down By the Riverside - YouTube|Video embedded Unsubscribe from Golden Gate Quartet - Topic? Provided to YouTube by IDOL Down By the Riverside  The Golden Gate Quartet
20141215|http://www.youtube.com/watch?v=H8XDogfFx9k|Willy Wonka CHOCOLATE RIVER BONUS &|Willy Wonka CHOCOLATE RIVER BONUS  OOMPA LOOMPA FEATURE Las Vegas ... WILLY WONKA SLOT $5,000.00 Golden Ticket ... Willy Wonka: Chocolate River Bonus
20140418|http://www.youtube.com/watch?v=rthAYp6t0O4|Canadian Mountain Passes Full Run - Time Lapse|Canadian Mountain Passes Full Run ... As the line descends to Golden, ... New York to New Haven Full Run - Time Lapse - Train Simulator 2014
20120405|http://www.youtube.com/watch?v=YmpvpypXKf0|The Outlaws - Ghost Riders in the Sky - YouTube|Video embedded Ghost Riders (In the Sky) - Willie Nelson  Johnny Cash - Duration: 4:29. ... Golden Earring - Radar Love (1973) HD 0815007 - Duration:
20170101|http://www.youtube.com/watch?v=wHey1cMMC5s|Snake Eyes, Brocade King Blue, Golden Willows|... Brocade King Blue, Golden Willows  Yellow River 2016-2017 Billy Fabritius. ... Golden Willows (Dikke aanrader!) 4: Yellow River
20120428|http://www.youtube.com/watch?v=c5N6Y1jHms4|golden retrievers swim at the beach of Meakhong|golden retrievers swim at the beach of Meakhong river Sujin Wonglakorn. Loading ... 5 month old golden
20100517|http://www.youtube.com/watch?v=RSPlvdDAo7k|Golden Stonefly Hatch and tips on the Yakima|Golden Stoneflies hatch on the Yakima River from May-June and are a big Stonefly, usually a #6 or #8
20120130|https://answers.yahoo.com/question/index?qid=20120130125356AAIqyEk|Story of the koi jumping the dragon gate?  Yahoo Answers|This Site Might Help You. RE: Story of the koi jumping the dragon gate? Im looking for the story of how the koi fish becomes a dragon. From my
20120228|http://www.youtube.com/watch?v=KF214wDC4L8|Death of BASE Jumper Dwain Weston -- Slammed|Australian BASE jumper Dwain Weston was considered one of the world's best at the time. On October 5,
20120428|http://www.youtube.com/watch?v=6jRJnDx5HQo|Red River - Movie Theme - YouTube|Video embedded Red River is a 1948 Western film directed by Howard Hawks, giving a fictional account of the first cattle drive from Texas to Kansas along
20100209|http://www.youtube.com/watch?v=w4TgMLIUrbg|Zoo Tycoon 2 Animal Downloads Part 2 - YouTube|Galapagos Hawk/Bald Eagle* 26. Boto (Amazon River Dolphin) 27. ... Zoo Tycoon 2 Animal Downloads Part 2 Geniuswas. ... African Golden Cat 38. Asian Golden
20130312|http://www.youtube.com/watch?v=e2vprzrdkC0|Persona 4 Golden: Catching the Sea Guardian - YouTube|Video embedded Ah yes, the Sea Guardian...this guy can be a pain in the ass, both in catching and actually just setting up his spawn. The fishing mini
20121212|http://www.youtube.com/watch?v=cRqfics-kJk|1947 Jimmy Dorsey - Heartaches (the 1st MGM|Bob Carroll  Dee Parker vocal. The Metro-Goldwyn-Mayer film studio entered the commercial record
20161020|http://www.youtube.com/watch?v=xuBTx_4ffNY|Golden Suits - You're Crossing a River - YouTube|Golden Suits - You're Crossing a River Hit City U.S.A. Loading ... Golden Suits - Don't Let Love ... Crossing the River
20130523|http://www.youtube.com/watch?v=1yROwLg-2tI|Old Man - Neil Young - Acoustic Guitar Lesson|Old Man - Neil Young - Acoustic Guitar Lesson (ST-905) How to play ... How to play Harvest Moon by Neil Young (Acoustic Guitar Lesson ST
20130211|http://www.youtube.com/watch?v=jXWD6-1QG9U|TOPPOP: Long Tall Ernie  The Shakers - Golden|TOPPOP: Long Tall Ernie  The Shakers - Golden Years Of Rock TopPop. Loading... Unsubscribe from
20160412|http://www.youtube.com/watch?v=3FX2XxTzKLw|Vinhomes Golden River - YouTube|Sign up for YouTube Red by July 4th for uninterrupted music and videos all summer. Vinhomes Golden River
20170106|http://www.youtube.com/watch?v=Z46Q00tmB4U|River - Golden Age - YouTube|Video embedded IMD Subscribe for more videos: https://goo.gl/EQJw1k River https://www.youtube.com/channel/UCcaA... Indie Music Dimension Website:
20140418|http://www.youtube.com/watch?v=N2PC8doKeZw|MERLE HAGGARD LIVE FULL TRIBUTE SHOW|Jeff Golden's new song he wrote and sang called SOUTHERN is now #5 ... MERLE HAGGARD LIVE FULL TRIBUTE SHOW 2015 MERLE HAGGARD IN CONCERT Tribute
20140416|http://www.youtube.com/watch?v=xudq9R6wk1w|Smurf Mountain at Kings Dominion - YouTube|Journey through Smurf Mountain at Kings Dominion, which was in operation from 1984-1993. Great Golden
20141110|http://www.youtube.com/watch?v=xt5uJrWW1gE|Chasing Rivers, Part 1: The Colorado  Nat Geo|National Geographic Freshwater Hero Pete McBride paddled and hiked the length of the Colorado River
20150731|http://www.youtube.com/watch?v=p4HcSsTh-2Q|Goombay Dance band-Seven Tears[Lyrics]|Seven tears have flown into the river Seven tears are run into the sea If one day they ... Golden star that ... Goombay Dance band-Seven Tears[Lyrics
20121209|http://www.youtube.com/watch?v=Mp2EiLo-CTI|Christmas Peace - YouTube|A collection of beautiful instrumental Christmas songs and winter scenes. Relax and enjoy the holiday with
20150312|http://www.youtube.com/watch?v=nM35X5hdzEs|Rag’n’Bone Man - Wolves - YouTube|The debut album 'Human' is out now: http://smarturl.it/HumanDeluxe?IQid=yt ----- Subscribe to Rag'n'Bone Man
20100324|http://knitjones.blogspot.com/2010/03/school-rant.html|Knit Jones: School Rant|School Rant So, I thought this was uncool. Last night in class, the professor (who is not my advisor) ... Simmons First National Corporation (SFNC)
20120927|http://www.youtube.com/watch?v=AJ4WOLdrCOI|Kisaralik River Golden Gate Falls - YouTube|2012 Self Guided Rafting trip with Shawn Carey, Jason Gasper and Josh Grahm. This is the Golden Gate Falls as Shawn and I pass through (down) it. The river
20170217|http://www.youtube.com/watch?v=rvRa_T3deH8|Golden Jubilee of St Peter Chanel College Vava'u|Golden Jubilee of St Peter Chanel College Vava'u - Taolunga River Side Soane Gallaher. ... Golden
20120722|http://www.youtube.com/watch?v=W-crbUit9ug|Hiking to Island Lake and Titcomb Basin in Wind|Recently, Shelli Johnson, and her husband, Jerry, enjoyed an epic day hike from Elkhart Parkt to Island Lake and
20140319|http://www.youtube.com/watch?v=zrFl8BSZJbs|Runrig Book of Golden Stories - YouTube|Runrig Book of Golden Stories 100thousandrecords. Loading ... Every River - Live at Loch
20110314|http://www.youtube.com/watch?v=xDQVmMVKE_w|James Taylor - The Christmas Song - YouTube|James Taylor - The Christmas Song TransatlanticMoments. Loading ... James Taylor - River
20150525|http://www.sniperforums.com/forum/rifles/37399-howa-308-one-hole-wonder.html|Howa .308 One Hole Wonder - Sniper  Sharpshooter|Howa .308 One Hole Wonder. This is a discussion on Howa .308 One Hole Wonder within the Rifles forums, ... Rock River Arms Predator Pursuit upper on
20110922|http://www.youtube.com/watch?v=StPsutGV8hM|FREE Westerns from the 1950s - YouTube|FREE Westerns from the 1950s WesternsOnTheWeb. Loading... Unsubscribe from WesternsOnTheWeb? ... Laredo THE GOLDEN
20110904|http://www.youtube.com/watch?v=uUX5J3B3Vvg|The Golden Seal (1983) Roadshow Home Video|Roadshow Home Video Australia trailer for the film The Golden Seal (1983) Sourced from the
20121031|http://www.youtube.com/watch?v=InQ5o9doThk|Dead Queen and the River - Golden Rocket (Hank Snow cover|Video embedded Dead Queen and the River - Golden Rocket (Hank Snow cover) 75offsuit. Loading ... Dead Queen and the River feat. ... THE GOLDEN
20110319|http://www.youtube.com/watch?v=gEjM7yRU3sA|RAINY NIGHT country line dance - YouTube|RAINY NIGHT country line dance frederab. Loading... Unsubscribe from frederab? Cancel Unsubscribe.
20110318|http://www.youtube.com/watch?v=WNIPqafd4As|Céline Dion - My Heart Will Go On - YouTube|Music video by Céline Dion performing My Heart Will Go On. (C) 2007 Sony Music Entertainment Canada Inc.
20101216|http://www.youtube.com/watch?v=MdWIjtKu3-0|Fishing the Saugeen river - YouTube|Rating is available when the video has been rented. Fishing the Saugeen river for steelhead
20120129|http://www.youtube.com/watch?v=Xi8XOgu0L0g|VENTA DE CACHORROS GOLDEN RETRIEVER|VENTA DE CACHORROS GOLDEN RETRIEVER INSCRITOS Y CHIPIADOS DE BUEN PEDIGREE rodrigo
20110318|http://www.irv2.com/forums/f44/best-fifth-wheel-tires-86811.html|Best fifth wheel tires - iRV2 Forums|Best fifth wheel tires. Hi , new to forum, not rving.First fifth wheel. ... Forest River Forums Fiberglass RV Forums Wander The West Jayco RV Forum
20100726|http://www.youtube.com/watch?v=xbaLj1fWIbs|Gold River Lower Falls, Golden Ears Park, Maple|A look at Gold River Lower falls from the top, looking North, Golden ears Park, Maple Ridge, British Columbia
20141012|http://www.youtube.com/watch?v=DEQYjogtdkU|Traveling on the Uchuck III of Gold River BC|The Uchuck III is a working commercial and passenger vessel. ... Traveling on the Uchuck III of Gold River
20110526|http://www.youtube.com/watch?v=MAviyhpn7Lg|Charlie and the Chocolate Factory (2/5) Movie|Charlie and the Chocolate Factory movie ... Depp) chocolate river, ... to see the inside of his operation by placing golden
20170129|http://www.youtube.com/watch?v=bVSfNShq8oo|BANGKOK II - Archaeological Museum, river, Wat Arun|Video embedded BANGKOK II - Archaeological Museum, river, Wat Arun, Chinese district, golden hill and box match AventureTv. Loading... Unsubscribe
20130429|http://www.youtube.com/watch?v=nmcdLOjGVzw|MIKA - Popular Song ft. Ariana Grande - YouTube|Popular Song is available for download on iTunes http://smarturl.it/MikaPopuarFtArianaIT To watch the exclusive Making Of the 'Popular Song
20100518|http://www.youtube.com/watch?v=7IkvAb6THQY|Far Away (with lyrics) - Red Dead Redemption|The Music of Red Dead Redemption Artist: Jose Gonzalez Track 16 This is the song that plays when you
20140808|http://www.youtube.com/watch?v=h564iMsYzqM|Good Time Girls (Démo) - Séverine Billy Bob's|Danse: Good Time Girls Chorégraphe: Karen Kennedy Musique: Good Time Girls de Nathan Carter
20160405|http://www.youtube.com/watch?v=K_zzay8A6VU|Vinhomes Golden River - YouTube|Video embedded Vinhomes Golden River - Dự Án Cảng Ba Son Quận 1 - Sông Xanh Đất Vàng - Duration: 6:32. Vinpearl - Villas  Condotel 2,414 views. 6:32.
20110319|http://prospectorstools.blogspot.com/2011/03/lost-treasures-of-northern-california.html|Gold Seekers Join Me: Lost Treasures of Northern California|Lost Treasures of Northern California ... The contest” continued until each and every one of the gold coins was either in the river or lodged into the
20110306|http://www.youtube.com/watch?v=lwIOyfg9aP0|Dog gets kicked off bridge - YouTube|Dog gets kicked off of bridge and guy gets upset, [Jack Black] falls off of bike from [Will Farrel]'s stupidity
20120226|http://www.youtube.com/watch?v=YVrdHP-7wXE|How to catch Yellow belly ( golden perch ) with|This is an example of bottom tapping with the Mazzy VIB' lure. It is one of the best techniques to catch yellow belly.
20120126|http://www.youtube.com/watch?v=Yocja_N5s1I|The Agricultural Revolution: Crash Course World|The Agricultural Revolution: Crash Course World History #1 CrashCourse. Loading... Unsubscribe from
20150424|http://www.youtube.com/watch?v=uK6aSGQ-7p8|Men Cutting Fallen Tree in River - Golden Darting Birds|Video embedded Men Cutting Fallen Tree in River - Golden Darting Birds HD maple1255. Loading ... Blue Ridge Timber Removes Hazard Tree from McKenzie River
20110405|http://www.youtube.com/watch?v=h1Q0ONEYJ0U|The Golden River Secrets of the Amazon - YouTube|The Golden River Secrets of the Amazon explorationfilms. ... Know as the Golden River it is host to
20121212|http://www.youtube.com/watch?v=UjMNen5Om6Q|Hello Josephine - Linedance - YouTube|Hello Josephine - Linedance caroza1. Loading... Unsubscribe from caroza1? Cancel Unsubscribe.
20100324|https://answers.yahoo.com/question/index?qid=20100324181939AAYI3Ar|willy wonka factory...is it real?  Yahoo Answers|Best Answer: The Willy Wonka factory does indeed exist. It is located south of Hogwarts school for wizards, right next to the ancient city of Atlantis
20141129|http://www.youtube.com/watch?v=zwvi6-BQ83M|Sailing Down This Golden River - YouTube|Sailing Down This Golden River - Arlo  Sarah Guthrie ... Pete Seeger - sailing down my golden river
20130425|http://www.youtube.com/watch?v=mr8OXLcW3xY|SimCity 5/2013 - How To Build Bridges,|... How To Build Bridges, Overpasses and Cuttings for Sunken Roads/Avenues AntneeUK. Loading
20170308|http://andy321.proboards.com/|Home  Rock Tumbling Hobby|Rock Tumbling Hobby. Home. Welcome to RTH! Introduce Yourself. New to the Forum. Board related discussions, testing, and technical help. Lapidary
20110910|http://www.youtube.com/watch?v=Hx8CTbGiV3s|Gold separator / sand concentrator - YouTube|Gold separator / sand concentrator Attila Blade. Loading ... Gold panning and High-banking at Shaolhaven River
20110223|http://www.youtube.com/watch?v=uZyWlcPt2IY|Devil Ship Pirates trailer - YouTube|Devil Ship Pirates trailer onnanob. Loading... ... Brian Trenchard Smith on Pirates Of Blood River - Duration:
20110504|http://www.youtube.com/watch?v=ktcFv5BqmZ8|THE ULTIMATE 'REAL FAIRY' VIDEO - YouTube|THE ULTIMATE 'REAL FAIRY' VIDEO PlanetDove. Loading... Unsubscribe from PlanetDove? Cancel
20160503|http://www.youtube.com/watch?v=nFRLwq-l1W8|River of Golden Dreams April 2016 - YouTube|Video embedded Jonny, James, Alex and Jess set off on an afternoon April float in the sun. That river sure feels cold when you fall in
20130702|http://www.youtube.com/watch?v=2jx7lW2tres|A journey in river Kushabhadra , Odisha and a hungry|Video embedded A journey in river Kushabhadra , Odisha and a hungry golden crab in beach Amit Siromoni. Loading... Unsubscribe from Amit
20120418|http://www.youtube.com/watch?v=hohZx-A2REw|Casa para la venta $ 63,900 3 habitaciones con|Casa en Venta en Poinciana, Florida de 3 habitaciones con 2 baños con un terreno de esquina muy
20100517|http://www.youtube.com/watch?v=X-Nl3-p8Vl0|Club Penguin Mission 11 Veggie Villain|http://club-penguin-secrets.com - Complete step-by-step walkthrough and guide for Club Penguin Mission 11,
20100504|http://treenotes.blogspot.com/2010/05/native-trees-with-smooth-bark.html|Tree Notes: Native Trees with Smooth Bark|Here is a list of five native trees with smooth bark, even in maturity: ... Herbert S. Zim. New York: Golden, 1986. Cliburn, Jerry, and Ginny Clomps.
20151228|http://www.youtube.com/watch?v=LA1qgRRnzRc|17606 Pete Seeger - Sailing Down My Golden|17606 Pete Seeger - Sailing Down My Golden River Lyrics. Skip navigation Sign in. ... 17606 Pete Seeger - Sailing Down My Golden River
20110625|http://www.youtube.com/watch?v=DlnE2vNqpTw|Don Williams - Tulsa time (+lyrics) - YouTube|Don Williams - Tulsa time With lyrics ... Sign up for YouTube Red by July 4th for uninterrupted music and
20140701|http://www.youtube.com/watch?v=lBjBUex90kY|Golden Retriever, Puppies, Dogs, For Sale, In|Golden Retriever, Puppies, Dogs, For Sale, In Anchorage, Alaska, AK, 19Breeders, Fairbanks 9BREEDERS. Loading... ... 25460 Eagle River Rd. Eagle River
20130815|http://www.youtube.com/watch?v=RRhjqqe750A|Growth, Cities, and Immigration: Crash Course US|... Check out CommonLit's free collection of reading passages and curriculum resources to learn more
20110824|http://www.youtube.com/watch?v=VtapoGukzCA|Jill Scott - Hear My Call (Official Video) - YouTube|Jill's emotionally charged video for the track Hear My Call off of her #1 album The Light of the Sun. Hear My Call
20151228|http://www.youtube.com/watch?v=1bWK7nCv6zc|Bienvenue à la Radio - Jungle Jack - Golden river (16/11|Video embedded Bienvenue à la Radio - Jungle Jack - Golden river (16/11/15) Riff - Radio rock. Loading... Unsubscribe from Riff - Radio rock? Cancel
20140127|http://www.youtube.com/watch?v=9ZOsS2jnJU8|Hobbit: Desolation of Smaug- The golden dragon|Sign up for YouTube Red by July 4th for uninterrupted music and ... Find out why Close. Hobbit: Desolation of Smaug- The golden
20151227|http://www.youtube.com/watch?v=CjFBJ63-w4s|(ROBLOX) Undertale Music ID's! [Check|I am back, once again! I shall start being helpful by being one of the first to share undertale music id's (for the
20160719|http://www.youtube.com/watch?v=eB212xa6Rxw|Sierra Gold Nurseries Yuba City, CA - YouTube|Sierra Gold Nurseries Yuba City, CA ... Bareroot tree production takes place in our nursery growing grounds alongside the Feather River
20141014|http://www.youtube.com/watch?v=65KgsHvFKd4|The Story of Moses - Beginners Bible - YouTube|The Story of Moses - Beginners Bible ... Encounter a time in ancient Egypt when Baby Moses was plucked from the reeds of the Nile River
20130515|http://www.youtube.com/watch?v=XAEiujYD4oY|The X Factor UK - Emotional Moments (1/4)|The X Factor UK - Emotional Moments (2/4 ... The X Factor UK - Emotional Moments (1/4) ... Emotional and Golden
20120624|http://www.youtube.com/watch?v=UY0PB4fBPbU|wild edibles: fresh water mussels - YouTube|wild edibles: fresh water mussels bushcraftmyway. Loading ... Ohio River Action:Fishing for
20131002|http://www.youtube.com/watch?v=nKhN1t_7PEY|Mr. Mister - Broken Wings - YouTube|Take these broken wings. Category Music; License Standard YouTube License; Music Broken Wings by Mr. Mister Listen ad-free with YouTube
20151209|http://www.youtube.com/watch?v=h7k2kGGQmlU|449 Golden River - 4K Video - YouTube|By Hometakes.com 449 Golden River Dr. Royal Palm Beach FL 33411.
20120126|http://www.youtube.com/watch?v=OTLYETKP9us|The Honest Woodcutter - Aesop's Fables In Tamil|Subscribe here:http://www.youtube.com/user/MagicboxT... MAGIC BOX ANIMATION PROUDLY PRESENTS Children Cartoon Stories Aesop's Fables
20101018|http://www.youtube.com/watch?v=1sV6xXIn2pM|On Heaven's Bright Shore - Gospel Song with|On Heaven's Bright Shore - Gospel Song with Lyrics VolunteersForTheLord. Loading ... Mix - On Heaven's Bright Shore - Gospel Song with Lyrics YouTube;
20120604|http://www.youtube.com/watch?v=kIicwZrkEhY|The Queens Diamond Jubilee Concert - Grace|The Queens Diamond Jubilee Concert outside Buckingham Palace London 04th June 2012 Grace Jones
20110526|http://www.youtube.com/watch?v=MUn6X9lpOZE|Charlie and the Chocolate Factory (3/5) Movie|Charlie and the Chocolate Factory movie ... to see the inside of his operation by placing golden tickets in five ... Chocolate River
20100520|http://www.youtube.com/watch?v=M6H-iik8_AE|Kayak Fishing - The 3 GOLDEN Rules - YouTube|Kayak Fishing - The 3 GOLDEN Rules KayakFishingTales. Loading... Unsubscribe from
20110128|http://www.youtube.com/watch?v=uKyn3FDaTYc|Scientific Verification of Vedic Knowledge *Full*|Scientific Verification of Vedic Knowledge *Full* videopostman. ... - Sarasvata River system ... The Coming Golden
20121209|https://answers.yahoo.com/question/index?qid=20121209081436AAvKGcd|How many people have killed themselves by jumping|How many people have killed themselves by jumping off Brooklyn Bridge? Has anyone ever done it? 1 following . 4 answers 4. Report Abuse.
20130403|http://bjordangemstones.blogspot.com/2013/04/precious-stones-of-bible.html|PRECIOUS STONES OF THE BIBLE - blogspot.com|PRECIOUS STONES OF THE BIBLE. ... which is the name of the river in Sicily where agate was mined in ... It ranges in color from golden yellow to
20120610|http://www.youtube.com/watch?v=6gdH7CBzRbY|Down the river of Golden Dreams - YouTube|Video embedded Okkervil River - Down The River Of Golden Dreams  It Ends With a Fall - Duration: 3:49. shelbithefro 2,190 views. 3:49. Okkervil River
20100324|http://www.youtube.com/watch?v=671AgW9xSiA|The Grateful Dead - Ripple (Studio Version)|Ripple  Playing For Change  Song Around The World - Duration: 4:42. Playing For Change 2,862,066 views. 4:42. Grateful Dead - Ripple
20100307|http://www.youtube.com/watch?v=QS1VlOkhskk|Country Gospel Music - Momma's Old Song Book|Country Gospel Music, Momma's Old Song Book, Gravel Road Gospel, Marvin Morrow, Strolling Down
20150118|http://www.youtube.com/watch?v=4UaR8Tv_zLA|Fnaf song 3 - YouTube|Fnaf song 3 Ruth Martinez. Loading... Unsubscribe from Ruth Martinez? Cancel Unsubscribe. Working... ... GOLDEN
20110922|http://www.bogley.com/forum/showthread.php?59303-Gold-in-the-Wind-Rivers-%28Trip-1%29|Gold in the Wind Rivers (Trip 1) - Bogley Outdoor|[Trip Report] Gold in the Wind Rivers (Trip 1) If this is your first visit, ... wind river golden trout, flying monkey wind river, gold of
20110414|http://www.youtube.com/watch?v=FkkrxPFl3hI|HOWRAH BRIDGE ON RIVER GANGA, KOLKATA,|Howrah Bridge's Incredible view from River Ganga . - Duration: 0:59. Saif Ali 7,697 views. 0:59. HOWRAH BRIDGE
20141021|http://www.youtube.com/watch?v=lVPONdZBh6s|Five Nights at Freddy's 2 Trailer - YouTube|Five Nights at Freddy's 1-5 Jumpscare Simulator *FNAF 2017* - Duration: 5:16. IULITM 111,175
20101005|http://jeffreycrane.blogspot.com/2010/10/dreg-series-russian-river-golden-sour.html|Dreg Series: Russian River Golden Sour - Jeffrey Crane|Dreg Series: Russian River Golden Sour This is one I have been patiently waiting to drink use. I have read about good results from using Russian River
20141012|http://www.youtube.com/watch?v=VkGPq-Wg_8Y|Skyrim Mods - Week 146 - THE WHEELS OF LULL|Skyrim Mods - Week 147 - Tania THE CUTEST ELF EVAR and WEED - Duration: 11:32. MxR Mods 1,070,244 views. 11:32. Skyrim Mods
20100820|http://www.youtube.com/watch?v=9rtHf9RdwhU|2010 Golden Girls Final - Tug River Princess & John Campbell|Video embedded Tug River Princess and John Campbell win in 1:49.3. ... 2010 Golden Girls Final - Tug River Princess  John Campbell Meadowlands
20110124|http://www.youtube.com/watch?v=BXInU1lTU64|Runrig Hearts Of Olden Glory - YouTube|Runrig Hearts Of Olden Glory jesuitten. Loading ... Every River - Live at Loch Ness ... Runrig Book of Golden
20100406|http://troutseeker.blogspot.com/2010/04/attacking-stonefly-hatch.html|SOUL OF STREAMS: ATTACKING A STONEFLY HATCH|I was wading up a river just after run-off had dropped it to a safer level. ... I like to attack the stonefly hatch. ... BRAIDED YELLOW/GOLDEN STONE NYMPH.
20130414|http://ruth-hiebert.blogspot.com/2013/04/eagles-and-more.html|Ruth's Photo Blog: Eagles and More|Eagles and More The time between ... Notice the broad straight wings of the Bald Eagle compared those of the Golden Eagle.Of course there are other
20120927|http://www.youtube.com/watch?v=lu_fLMQFZ_M|Kisaralik River Golden Gate Falls 2 - YouTube|Jason Gasper (at oars) and Josh Grahm shoot Golden Gate. We had just come through and the river was
20100811|http://www.youtube.com/watch?v=PnT067BM-bA|Randy Howard - Golden Fiddle Waltz - YouTube|Randy Howard - Golden Fiddle Waltz. Randy Howard - Golden Fiddle Waltz. Skip navigation ... Blue River
20120604|http://www.youtube.com/watch?v=_aDSaFgQkuM|Mariah Carey - I Can't Live Without You - YouTube|Mariah Carey - I Can't Live Without You SaraSun. Loading ... I CAN'T LIVE WITHOUT YOU WHITNEY
20101113|http://www.youtube.com/watch?v=65-_ocuGODM|Top 10 Bob Dylan Songs - YouTube|... Top 10 Bob Dylan Songs YouTube; I Got All the Bitches Baby - Otis Redding - Duration: 2:58. RetroTop10
20100119|http://www.youtube.com/watch?v=RZ66JMAicUE|Answers For You, Plus More - YouTube|Answers For You, Plus More Slooter93. Loading... Unsubscribe from Slooter93? Cancel Unsubscribe.
20131224|http://www.youtube.com/watch?v=ufpv87byPyU|Angry Birds Rio Rocket Rumble (Gold Rockets)|Rocket Rumble Gold Rocket bonus Level Goldene Rakete for,Iphone,Android,PC,IOS,Games,iPad New Uptade Golden
20130709|http://www.youtube.com/watch?v=A1pZyQSFZeI|WhiteWater Tubing Clear Creek Golden, CO|Tubing Clear Creek in Golden, Colorado GoPro Hero 3.
20140503|http://www.youtube.com/watch?v=B1pu28BBntI|Kış Uykusu (Winter Sleep) Trailer - YouTube|Kış Uykusu (Winter Sleep) Trailer guneslipazartesi. Loading ... 67. Cannes Film Festival (2014) The Golden
20120301|http://www.youtube.com/watch?v=Giwzo_tcu4U|2/5 MASTER POOL vs GOLDEN RIVER 1 - YouTube|Video embedded Unsubscribe from TREDICALCIO - Il canale del Biliardo Sportivo? ATTISANI-GUARRERA vs VENEZIANO -ONORI ( STAFFETTA
20130815|http://www.youtube.com/watch?v=qi39H0Jdjfg|John Legend - All Of Me Lyrics - YouTube|John Legend All Of Me Lyrics - Duration: 4:41. Conrad Martin 276,904,148 views. 4:41. 50+ videos Play all
20100126|https://answers.yahoo.com/question/index?qid=20100126195636AAYXEvd|What are some 100% legit online casino sites that pays|What are some 100% legit online casino sites that pays out real money? Anyone have those good sites, I know
20140503|http://www.riverdavesplace.com/forums/showthread.php?108267-Jacuzzi-YJ-Golden-Eagle-to-Berkeley-swap|Jacuzzi YJ Golden Eagle to Berkeley swap - River Dave's|River Dave\'s Place. The Jacuzzi YJ Golden Eagle is similar in design and installation method to what is termed an ... Jacuzzi YJ Golden Eagle to Berkeley swap
20130925|http://www.youtube.com/watch?v=Gvocx2QfWEk|ULTIMATE Train Video for children  Steam trains,|ULTIMATE Train Video for children  Steam trains, diesel trains, electric trains for kids C Hughes.
20160506|http://www.youtube.com/watch?v=TyXrvOYi-LE|Vinhomes Golden River - Đỉnh Cao Của Cuộc|Vinhomes Golden River - Đỉnh Cao Của Cuộc Sống Thượng Lưu Vinhomes Ba Son Nhà Đẹp Vinhomes.
20120608|http://www.youtube.com/watch?v=mC_5hQxWGgQ|Dead Boy - Sits up in Coffin - Asks Dad for drink|-- 'Dead' boy sits up in coffin, asks for water and dies again in Brazil ... -- Dead Brazilian Boy Wakes Up And Asks For Water
20120328|http://www.youtube.com/watch?v=vbucJO3zDCE|Inside a Russian Billionaire's $300 Million Yacht|Inside a Russian Billionaire's $300 Million Yacht Wall Street Journal. Loading... Unsubscribe from Wall
20120603|http://www.youtube.com/watch?v=zHF7viVJnJg|Diamond Jubilee River Pageant: The Best Bits|A montage of the best bits of the Queen's Diamond Jubilee River Pageant on the Thames, involving a
20110602|http://www.youtube.com/watch?v=UlBTNT1-9AQ|kelly willis "little honey" - YouTube|Dwight Yoakam and Kelly Willis - Golden ring - Duration: 3:18. ... Kelly Willis - River Of Love 1990 - Duration:
20110405|http://www.youtube.com/watch?v=gAqlaHnOw74|George Jones Brother To The Blues - YouTube|George Jones - Brother To The Blues - Duration: 2:50. ... George Jones Golden Hits - Duration:
20110530|http://www.youtube.com/watch?v=u2ZlF0WQjT0|Sailing Down This Golden River - Arlo & Sarah|Arlo  Sarah Lee Guthrie performing Sailing Down This Golden River with Abe Guthrie, Gordon Titcomb,
20161020|http://www.skyscrapercity.com/showthread.php?t=662978&page=53|SAIGON  Vinhomes Golden River  U/C - Page 53|Page 53- SAIGON  Vinhomes Golden River  U/C Saigon ... Thất vọng , mà không ngạc nhiên khi PA này đc chọn vì toà cao ốc này là khách sạn chứ
20130829|http://www.youtube.com/watch?v=uQ2iIAsAm7U|Magical Mantovani Moments! [HD] - YouTube|Mix - Magical Mantovani Moments! [HD] YouTube; Romantic Strings Mega Music Album! (2 Hours)
20110613|http://www.youtube.com/watch?v=RnGgu6MgYkI|Tandem canoe backferry - YouTube|Tandem canoe backferry Paul Mason. Loading ... Whitewater River Running Technique with Anna Levesque ... 3 Golden
20130718|http://www.youtube.com/watch?v=Z23ttP1a7Wc|The Glorious Sons - mama - YouTube|The Glorious Sons - Mama (Official) - Duration: 3:15. TheGloriousSons 949,414 views. 3:15. 50+ videos Play all Play now; Mix - The Glorious Sons - mama
20110319|http://northernillinoisbirder.blogspot.com/2011/03/house-finch-northern-illinois-winter.html|House Finch, Northern Illinois winter birds|House Finch, Northern Illinois winter birds In the dead of winter, ... White-crowned Sparrows, Golden-crowned Kinglets, Rusty Blackbirds,
20160116|http://www.youtube.com/watch?v=2AoT2amqf2Q|Dự Án Vinhomes Ba Son Q1 - Vinhomes Golden|Dự án căn hộ Vinhomes Ba Son hay Vinhomes Golden River sở hữu vị trí vàng “Độc Tôn” chiến lược trong
20111231|https://forum.bodybuilding.com/showthread.php?t=140964941&pagenumber=1|Misc. - Bodybuilding.com|https://forum.bodybuilding.com/showthread.php?t=174153971. 12-31-2011, 10:37 AM #10. stefano445. View Profile View Forum Posts Registered User Join
20150120|https://forestedgehikes.wordpress.com/2015/01/20/river-road-erbacher-and-golden-harvest-preserves/|River Road, Erbacher, and Golden Harvest Preserves|The Roxbury Land Trust's brochure describes the trails through the River Road, Erbacher, and Golden Harvest Preserves. Trail Conditions:
20111208|https://answers.yahoo.com/question/index?qid=20111208174010AAO76nt|How Do I Figure Out My Bank Transit Number With ScotiaBank|This Site Might Help You. RE: How Do I Figure Out My Bank Transit Number With ScotiaBank? Trying to set up PayPal using ScotiaBank and my
20121017|http://www.goldenretrieverforum.com/choosing-golden-retriever-breeder-puppy/93732-pups.html|Pups - Golden Retrievers : Golden Retriever Dog Forums|HI Has anyone heard of Golden grove kennels or goldngrove golden retrievers in Vineland NJ
20140402|http://www.youtube.com/watch?v=Mp7rWsVVwjg|THE SNARE Trailer - YouTube|Video embedded THE SNARE Trailer Directed by C.A. Cooper Starring Eaoifa Forward, Rachel Warren, Dan Paton Release Date : Genre : Psychological Horror THE SNARE Trailer
20150119|http://www.youtube.com/watch?v=0x6XxBY4MfQ|DayZ Epoch - Golden River - YouTube|Video embedded DayZ Epoch - Golden River Dodo Rebel. Loading ... Episode 10 - Die Schlacht um Golden River - Duration: 21:07. Hart aber Herzlich
20131014|http://www.youtube.com/watch?v=wwv7tVuyqJ8|The Top 5 Biggest Bodybuilders Of All Time|The Top 5 Biggest Bodybuilders Of All Time TOP 5 BODYBUILDERS IN HISTORY A Tribute To The Best
20130224|http://www.youtube.com/watch?v=MHuIU7njszo|GOLDEN RETRIEVER PUPPY- LEXI - "This is how|Golden Retriever pups swimming in the pool for the first time - Duration: 3:26. Clear Passion 1,012,125 views. 3:26. Golden
20141129|http://www.playstationtrophies.org/forum/dragon-age-inquisition/253542-grace-dalish-bugged.html|By The Grace Of The Dalish Bugged? - PlaystationTrophies.org|By The Grace Of The Dalish Bugged? User Name: Remember Me? Password: Register: FAQ: Awards: ... You could also find and return a golden Halla
20141031|http://www.youtube.com/watch?v=nPzmpiI6N14|BRUISES Line Dance (Dance  Teach in French)|BRUISES Line Dance (Dance  Teach in French) eric lecardonnel. Loading ... Bruises - Line Dance (Dance  Teach
20120529|http://www.youtube.com/watch?v=m_D8GRFqX8E|Top 50 best songs of the 70's - YouTube|Video embedded This is a list of the best songs of the 70's decade (1970 to 1979) Skip navigation Sign in. ... Top 50 best songs of the 70's
20151227|http://www.youtube.com/watch?v=js8E6C3ZnJ0|Hegemony - 10 Minute Philosophy - Terms|Unsubscribe from 10 minute Philosophy? In this episode, we define the term Hegemony. Please fee free to
20140530|http://www.youtube.com/watch?v=J8X_ntk73mc|ALKANLAR YAPI'DAN GOLDEN RİVER TERMAL KENT PROJESİ - YouTube|Video embedded ALKANLAR YAPI'DAN GOLDEN RİVER TERMAL KENT PROJESİ hatayhaber. Loading ... Termalkent Hatay Golden River - Duration:
20140131|http://www.youtube.com/watch?v=OvSvUrw5PZo|Tyler O. Golden Gloves 2014 Fall River, Ma - YouTube|Video embedded Tyler O. Golden Gloves 2014 Fall River, Ma Big Spank. ... Golden Gloves Finals 2014 Pal Fall River Kurt - Duration: 6:38.
20160817|http://www.youtube.com/watch?v=YPTntaxCnT4|Kern River Fly Fishing Golden Trout PackTrip|Kern River Fly Fishing Golden Trout PackTrip Zach Stokke. Loading ... River Fishing in B.C. for Rainbow
20110829|http://www.youtube.com/watch?v=4gOud5B6XMY|How to identify wild Ginseng plants and the root|How to identify wild Ginseng plants and the root scannerguy1968. Loading... Unsubscribe from
20150120|http://www.youtube.com/watch?v=Y8wifV5RYr8|Houndmouth - Sedona - YouTube|Houndmouth: Sedona on David Letterman - Duration: 4:27. TheCarnegieCenter 13,203 views. 4:27. Cage
20101111|https://in.answers.yahoo.com/question/index?qid=20101111232921AAVegUv|According to vaastu shastra,having tortoise/turtles at|According to vaastu shastra,having tortoise/turtles at home is ... At one time a chinese river was flooded for a long time and when they put some
20110423|http://www.youtube.com/watch?v=YHkDCHciQOY|Bryan Ferry - Take Me To The River (HQ) - YouTube|Take Me to the River - Al Green - Duration: 4:58. ... Golden Eighties 442,440 views. 4:52. Roxy Music - More
20101108|https://answers.yahoo.com/question/index?qid=20101108044657AArUInd|5 lines about peacock in hindi?  Yahoo Answers|For the best answers, search on this site https://shorturl.im/axI1I Mor bharat ka rashtriya pakshi hai.: Peacock is the national bird of India.
20110116|http://www.youtube.com/watch?v=fzCIbhLUUA0|The Man with the Golden Gun: Car Jump - YouTube|The Man With The Golden Gun - Dinner Party - Duration: 3:17. trigger finger 146,946 views. 3:17. Roger
20161020|http://www.youtube.com/watch?v=PipQcWiWK8I|Starr's Mill wins Golden River Marching Band|Starr's Mill wins Golden River Marching Band Festival 10/15/16 Michael ... performing their original E-motions wins Golden River
20150912|http://www.youtube.com/watch?v=ctBG1euoZcs|Bring down the house - YouTube|Bring down the house 32 comptes- 4 murs 4 restarts-2 tags Intermédiaire Chorégraphes: Stéphane Cormier  Denis Henley Musique: Bring down the house
20120328|http://www.youtube.com/watch?v=ZnDGIttvDW4|How to separate your gold from your Black Sand Concentrates|Video embedded this video show's you how to separate your blonde sands and gold from your black sand concentrates. You use a magnet in this
20170511|http://www.youtube.com/watch?v=fuDsWtr6EAc|RoSaWay - Golden River - - YouTube|Video embedded Download Sarah Lee Guthrie Golden River - Duration: 4:06. Richard Sorensen 27,258 views. 4:06. Boney M. - Rivers of Babylon
20160520|http://www.youtube.com/watch?v=mGKx2_Bs2V0|Billboard Top 10 - May 2016 - Dan Ban - (Golden River|Video embedded I love country music , it's God's music. Always got to have one country song on my albums. I love doing country songs about heaven which
20141014|http://www.youtube.com/watch?v=ZKGqtSisReg|Spanish Mary - Lyrics by Bob Dylan  Lead Vocals|The New Basement Tapes - Spanish Mary with Lyrics by Bob Dylan  Lead Vocals by Rhiannon Giddens ... Lost On The River
20140711|http://www.youtube.com/watch?v=q1hIvAFuyeI|River Of Golden Dreams - YouTube|Video embedded Skip navigation Sign in. Search
20131115|http://www.youtube.com/watch?v=HbruzE5CwU0|How to draw a Scenery for children - Step by step|How to draw a Scenery for children - Step by step EthansHowToDraw. Loading... Unsubscribe from
20131115|http://www.youtube.com/watch?v=aXRVA5nUHsM|River Cottage Kapán innen kaszán túl 3 - YouTube|River Cottage Kapán innen kaszán túl 7 - Duration: 23:59. PINKÓCZI BETYÁR 15,171 views. 23:59.
20120608|http://www.youtube.com/watch?v=tDMtCzq5kf8|Gold Digger - Line Dance (Dance & Teach in|Choreographed by: Rachael McEnaney (UK) June 2012 32 count - 4 wall - Absolute Beginner level line dance Music: Gold Digger
20131224|http://www.youtube.com/watch?v=igh6cMW1iiY|Angry Birds Rio Rocket Rumble All Hidden Gold|Rocket Rumble All Golden Rocket unlocked Bonus Level,versteckte goldene Rakete for,Iphone,Android,PC,IOS,Games,iPad New Uptade Golden
20150417|http://www.youtube.com/watch?v=0or-29scmfo|Josh Beaudoin walking 240' line over river in|Josh Beaudoin walking 240' line over river in Golden Colorado Jason McDonald. Loading... Unsubscribe
20101120|http://www.youtube.com/watch?v=eOJCLHOcpdE|Best Photos near Pucon, Chile - Incl. Lake Lacar, National|Video embedded ... Chile - Incl. Lake Lacar, National Park, River Caburgua, Golden Torres ... - 10 Golden Torres by Mrjoey from ... River
20150118|http://www.youtube.com/watch?v=YNE3RxGSqCM|Log Entry - YouTube|With Pawtucket Brewery repaired, it's time to starting crafting items! First up -- the Creepy River Boat! All
20110323|https://answers.yahoo.com/question/index?qid=20110323182329AAmdW7L|what is a good name for a buckskin horse?  Yahoo Answers|what is a good name for a buckskin horse? Source(s): good buckskin horse: https: ... Golden Rose Chrysanthemum (Crissy) Daffodil Daisy Honey Lilly
20110319|http://www.youtube.com/watch?v=u3VO23pXsLc|Bella & Edward-Stay with me - YouTube|Sign up for YouTube Red by July 4th for ... Twilight Biology Class Scene Edward's Golden Eyes ... Edward Cullen - Bella's Lullaby (RIVER
20100615|http://knitjones.blogspot.com/2010/06/no-more-plywood.html|Knit Jones: No More Plywood!|No More Plywood! Our contractor done us good...he laid all of the flooring in one day and we are ever so grateful! Here are the before and afters for the
20110128|http://www.diychatroom.com/f5/trafficmaster-allure-ultra-planks-84137/|Trafficmaster Allure ULTRA! Planks - Flooring - DIY|Trafficmaster Allure ULTRA! Planks. Would like to see here if anyone bought or installed the ULTRA traffic master Allure planks now sold at home depot.
20100607|http://www.youtube.com/watch?v=WwATyRREKd8|1940's Music - YouTube|1940's Music TimeyWimey0Detector. Loading... Unsubscribe from TimeyWimey0Detector? Cancel
20150120|http://www.youtube.com/watch?v=X4VQOkZJCzg|Golden Significance Of Sabarmati River - YouTube|Video embedded ऋषि दर्शन की ऑनलाइन सदस्यता के लिए क्लिक करें---http://www.rishidarshan.org/ To
20141215|http://www.youtube.com/watch?v=CvMmeYL-2VA|Alien: River of Pain by Christopher Golden Book|More Alien action, as I review the latest Alien novel, this one by bestselling author Christopher Golden. Buy
20120426|http://www.youtube.com/watch?v=QV7CanyzhZg|The Dark Ages...How Dark Were They, Really?:|Crash Course World History is now available on DVD! Visit http://store.dftba.com/products/crash... to buy a
20120922|http://www.youtube.com/watch?v=t7GxE3H7xQ4|Karla Bonoff 13 - The water is wide - YouTube|Mix - Karla Bonoff 13 - The water is wide YouTube; ... Karla Bonoff - The water is wide lyrics 가사
20110424|http://www.youtube.com/watch?v=-2nTRAyrzUY|Mahaseer fishing in Tista River in west bengal|Mahaseer fishing in Tista River in west bengal India ashok bhardwaj. Loading ... Huge Golden Mahseer Catch in Koshi River
20140418|http://www.goldenretrieverforum.com/choosing-golden-retriever-breeder-puppy/284713-southern-cross-goldens.html|Southern cross goldens - Golden Retrievers : Golden|Golden Retrievers : Golden Retriever Dog Forums ... Southern cross goldens. Hi Does anyone know if Southern cross golden's from New Hampshire are
20130211|http://www.youtube.com/watch?v=keHwmNNxQrQ|River Phoenix - Golden Globes 1989 - YouTube|River Phoenix talks to reporter at Golden Globes, 1989 - Duration: 0:11. rivjudephoenix 1,286 views. 0:11. River
20110130|http://www.youtube.com/watch?v=gAswsM2g5Zo|How to: Catching baitfish on Sabiki rigs - YouTube|This Fishing World presentation shows you how to go about catching your own live bait using Sabiki rigs.
20100820|http://forum.babyverden.no/threads/labrador-golden-retriver.1162449/|Labrador/Golden retriver  Babyverden Forum|Labrador og golden retriver er de mest barnevennlige rasene du kan få, så sånn sett skal du være ganske trygg [:)] Men hvis hunden har hatt ett litt tøft liv til
20121101|http://www.youtube.com/watch?v=4cdK0aSiUls|Golden Stonefly - YouTube|How to tye a Golden Stonefly. Connecticut Curler. Fly Fishing. Outdoor Adventures. Farmington River in
20120130|http://www.youtube.com/watch?v=pq2LNlfKSBk|How To Pronounce Scythe - YouTube|Video embedded how to pronounce scythe. scythe pronunciation. how to say scythe. how do you pronounce scythe. how to say scythe pronounce
20111124|http://www.youtube.com/watch?v=28tdqwWDo3A|Thai Chao Phraya River ダニーボーイ ... - YouTube|Mix - Thai Chao Phraya River ダニーボーイ 【Danny Boy】 Sam Taylor YouTube; ダニーボーイ ・シル・オー
20120722|http://www.goldenretrieverforum.com/golden-retrievers-main-discussion/117639-washington-state-breeder-help.html|Washington State Breeder help? - Golden Retrievers|Does anyone have a referral or experiene with this breeder in Washington State, golden reserve.com?
20140124|http://www.youtube.com/watch?v=LiIURFm63Yk|Deep River - Mormon Tabernacle Choir - YouTube|The Mormon Tabernacle Choir and Orchestra at Temple Square present Deep River with lyrics by Marta
20121004|http://www.youtube.com/watch?v=se7yAkqu3Ek|Bill  Gloria Gaither - Four Days Late [Live] ft.|Karen Peck  New River Download on iTunes here: https: ... Mix - Bill  Gloria Gaither - Four Days Late [Live] ft. Karen Peck  New River YouTube
20110128|http://www.youtube.com/watch?v=L651xslurNk|Isgaard Back to Eden - YouTube|Isgaard Back to Eden eric0000024. Loading ... Where The River Will Flow - Duration: ... Golden Key
20110910|http://www.youtube.com/watch?v=Vn3i4JlsGBE|Gold dust rains during worship at Bethel!|Video of a worship service at bethel church in redding, CA this is a video showing a miracle of God where
20150109|http://www.youtube.com/watch?v=49KFAO5WaV4|Joaquin Phoenix Has a Crush on Amy Poehler|Joaquin reveals his crush on Amy Poehler and he explains how his mom ended up dancing with Usher.
20120101|http://www.youtube.com/watch?v=NiE_Zmg8vRE|Golden River Developments Perth Cup - December 2011 - YouTube|Video embedded Golden River Developments Perth Cup - December 2011 perthracing. Loading... ... Golden River Developments Perth Cup
20150417|http://www.youtube.com/watch?v=Mfd-a6hF1jI|Multi Day White Water Rafting - The White River near|Video embedded Our White River multi day rafting trip is amazing! 2 days white water rafting and a night camping on the riverside near beautiful lakes
20121004|http://www.youtube.com/watch?v=ygTa1mOTSo0|Angry hissing goose - YouTube|Video embedded Angry hissing goose Jfrog the Virus. Loading ... Lost baby goose found in the river ... GOLDEN EAGLE ATTACKS AND CATCHES DEER
20110806|http://www.youtube.com/watch?v=O7Qm1GrKSyU|Middle canoe seat DGM - YouTube|Directions for making a removable extra canoe seat.
20130216|http://www.youtube.com/watch?v=hRUImln53gk|Best Ever Carp Fishing dough ball bait recipe.|Best Ever Carp Fishing dough ball bait recipe. Free bait and lure Golden carp hunters ... Carp Fishing Dough Ball Bait Recipe
20150424|http://www.youtube.com/watch?v=aS-n7xoT0VY|GOLDEN RIVER CITY! - DayZ Epoch - YouTube|Video embedded Это Golden River City в DayZ Epoch Chernarus! Небольшой город на карте, находящийся в скале и по
20100504|http://www.youtube.com/watch?v=WZWKsrqK5bY|Vacation Internationale Vallarta Torre - YouTube|El mejor lugar para tus vacaciones Vallarta Torre. El mejor lugar para tus vacaciones Vallarta Torre. ... Sea River
20111011|http://www.huntingbc.ca/forum/showthread.php?72301-Hunting-Revelstoke|Hunting Revelstoke|Hunting Revelstoke Hi ... south of town on the east side of the lake/river. ... Go drive the hour and forty five min to Golden area..some good elk hunting..look
20110530|http://www.youtube.com/watch?v=Sha1S_yXTwY|Tennesse River singing call Golden State Roundup|Tennesse River singing call Golden State Roundup 2011 tom ... Beautiful Noise singing call with Bronc Wise at the 2011 Golden
20110423|http://www.youtube.com/watch?v=HyL3INa3rb0|Beef Feedlots Near Greeley/Kersey Colorado|On Highway 34 between Greeley and Kersey you can see miles and miles of cow feedlots. For more on our Greeley
20150131|https://forum.cgpersia.com/f33/graphicriver-50-golden-font-bundle-9618872-a-109960/|Graphicriver - 50 Golden Font Bundle 9618872|Graphicriver - 50 Golden Font Bundle 9618872. Graphicriver - 50 Golden Font_Bundle 9618872 Layered PSD, Photoshop ASL  251 MB. Link(s): Download;
20140402|http://www.youtube.com/watch?v=neKObkMjs0w|Myrtle Beach's Golden Mile - YouTube|Have you stayed in one of the hotels in the exclusive Golden Mile section of Myrtle Beach? If not,
20130829|http://www.youtube.com/watch?v=96yFuyx-zBA|Real Mermaid Caught on Camera (New 2016)|Real Mermaid Caught on Camera (New 2016) EinEngelSchuetzeDich. ... Real Mermaid caught on camera
20101214|http://www.youtube.com/watch?v=VW3CMrg6mFw|Styx - Golden Lark - YouTube|Styx - Golden Lark/A Song For Suzanne - Duration: 8:43. ... Styx - Boat On The River - Duration: 3:11.
20160412|http://www.youtube.com/watch?v=mKP8-QwJKGY|Giới thiệu dự án Vinhomes Golden River Bason - YouTube|Video embedded Căn hộ Vinhomes Golden River Bason - Duration: 1:32. Nguyễn Thị Loan - Tư vấn các dự án BĐS ở TP.HCM 836 views. 1:32.
20140422|http://www.youtube.com/watch?v=tA8AfQaUnXM|Ella Henderson - Ghost - YouTube|Ella Henderson - Ghost (Oliver Nelson Remix) - Duration: 5:07. The Vibe Guide 4,931,246 views. 5:07. Ellie
20140131|http://www.youtube.com/watch?v=WEv3Cn9ioYc|Sailing Down my Golden River radio performance|Sailing Down my Golden River radio performance by Pete Seeger, 1984 Jim Abbott. Loading
20101108|https://answers.yahoo.com/question/index?qid=20101108102317AAp8ZQx|Been sick please help Red badge of courage?  Yahoo Answers|Been sick please help Red badge of courage? ... The novel ends with, “Over the river a golden ray of sun came through the hosts of leaden rain clouds.”
20121017|https://uk.answers.yahoo.com/question/index?qid=20121017065505AAJWkxW|Best answer, 5 star rating, answer YOUR Q :)?  Yahoo|Best answer, 5 star rating, answer YOUR Q :) ... the gold trade in North Africa to a new golden age. ... of the Niger River made consistent trade
20101111|http://sustainablebuildingcodes.blogspot.com/2010/11/tiny-house-code-compliance-120-square.html|Sustainable Building Codes: Tiny House Code Compliance|Tiny House Code Compliance - 120 square feet exemption? Recently I have been researching some alternative temporary housing for our land in Hotchkiss.
20120927|https://uk.answers.yahoo.com/question/index?qid=20120927115545AAlrUO7|Is Volvic Strawberry-Flavored water healthy/good for|Is Volvic Strawberry-Flavored water healthy/good for you....? Hey everyone! I've recently been taking in so much of this drink (like so far
20110613|http://www.youtube.com/watch?v=VuEYlzicBYw|Golden Loop - Gold Reef City (GoPro POV)|Golden Loop - Gold Reef City (GoPro POV) James Carroll. Loading ... the Tower of Terror, the Golden Loop and the Runaway Train ... Raging River
20100616|http://message.snopes.com/showthread.php?t=61416|Beware basa (or pangas) fish - snopes.com|Beware basa (or pangas) fish. Comment: This fish is being sold in Canada. ... river dump chemicals and industrial waste directly into it. Avoid eating them
20100324|http://www.youtube.com/watch?v=kRTMWzVoT_U|Chicago Old Days - YouTube|chicago old days album: chicago 8 ... Sign up for YouTube Red by July 4th for uninterrupted music and
20110223|http://www.youtube.com/watch?v=V5wpWGnu3Ms|Subaru Dog Commercials Compilation (8|The Subaru dogs commercials compiled into one video
20130704|http://www.youtube.com/watch?v=8NTpfbcTMUY|Panchatantra Tales - Mean Friends - Short Stories|Panchatantra Tales - Mean Friends - Short Stories For Children - Animated Cartoons For Kids
20110308|http://www.youtube.com/watch?v=GlipgiuPUYw|HOW TO SET UP A POOL TABLE  A LESSON|Sign up for YouTube Red by July 4th for uninterrupted music and videos all summer. Some things
20110602|http://www.youtube.com/watch?v=wbQSAdU4Qb4|'The Hills are Alive' - The Sound of Music|The hills are alive with the sound of music With songs they have sung for a thousand years The hills fill my heart with the sound of music
20100422|http://www.youtube.com/watch?v=J9gKyRmic20|Crowded House - Don't Dream It's Over - YouTube|Video embedded Music video by Crowded House performing Don't Dream It's Over.
20141002|http://www.homebrewtalk.com/showthread.php?t=163486|Beer Styles that Cellar/Age well - Home Brew Forums|Beer Styles that Cellar/Age well General Beer Discussion
20130429|http://www.youtube.com/watch?v=a_MfIViFduM|Beatuiful Drive: Banff To Vancouver, A Timelapse|A time-lapse of what is perhaps one of the most beautiful drives in Canada, from Banff to Vancouver )About
20101205|http://www.youtube.com/watch?v=wVJVNaurXxQ|Traditional Hymns - Until Then - YouTube|Traditional Hymns - Until Then Heber Vega. Loading... Unsubscribe from Heber Vega? Cancel
20160706|http://www.youtube.com/watch?v=ETe-YFMq6AY|River Forest Golden Ingot Marching Band|River Forest Golden Ingot Marching Band  Auxiliary Corp 4th of July Parade Montage - 2016
20120417|http://www.youtube.com/watch?v=L84RQH1xZvE|Pretty Woman - YouTube|Academy Award(R) winner Julia Roberts and Golden Globe winner Richard Gere will leave you breathless in PRETTY WOMAN
20130425|http://www.youtube.com/watch?v=tR8Zw97rrX8|Tom and Jerry Kids Show Season 1 - Bat Mouse|Tom and Jerry Kids Show: ... Tom and Jerry Kids Show Season 1 - Bat Mouse Warner Bros. Home
20121213|http://www.youtube.com/watch?v=plgqLfgVRHU|top 10 walleye lures - YouTube|top 10 walleye lures Adam O. Loading... Unsubscribe from Adam O? Cancel Unsubscribe. Working
20110424|http://www.youtube.com/watch?v=uB7kRFGkRng|Every Number 1 Of The 60's (Part 1) UK ♫ - YouTube|Every Number 1 Of The 70's (Part 1) UK ♫ - Duration: 11:38. UK Music Charts 1,326,077 views. 11:38. Top
20140530|http://www.garagejournal.com/forum/showthread.php?t=9235|Welcome to the The Garage Journal Board forums.|Welcome to the The Garage Journal Board forums. You are currently viewing our boards as a guest which gives you limited access to view most
20110210|http://knitjones.blogspot.com/2011/02/ferbs.html|Knit Jones: The Ferbs|The Ferbs So, we're doing it. We're Ferberizing....Miss A has yet to sleep through the night (I think once when she was ten weeks old she slept for 10
20160926|http://www.youtube.com/watch?v=I-tAvxZjM6g|Sligo candy boy X golden river 3 year old filly - YouTube|Video embedded Sligo candy boy X golden river 3 year old filly geesala coach. Loading... Unsubscribe from geesala coach? Cancel Unsubscribe.
20120226|http://www.youtube.com/watch?v=_a6IJxj-6u0|Free Bar Ambience Sound Effect - YouTube|Free Bar Ambience Sound Effect thefreesfx. Loading... Unsubscribe from thefreesfx? Cancel Unsubscribe.
20110405|http://www.jeepforum.com/forum/f96/water-fording-snorkels-smoke-stack-golden-rules-1192199/|Water fording, snorkels, smoke stack and golden rules|Water fording, snorkels, smoke stack and golden rules? ... are there any golden rules big no no's and things to avoid doing all together? Besides a
20100307|http://www.youtube.com/watch?v=4U1l5y2rkzA|Beautiful Dreamer by Stephen Foster - YouTube|Mix - Beautiful Dreamer by Stephen Foster YouTube; Roy Orbison Beautiful Dreamer - Duration: 2:21.
20130523|http://www.youtube.com/watch?v=vrzsS1siYWE|Revolver Golden Gods 2013 - YouTube|The biggest names in hard-rock and heavy-metal rocked Los Angeles on May 2, 2013 at the fifth annual Revolver Golden
20120301|http://www.youtube.com/watch?v=8Nn5uqE3C9w|Buddha and Ashoka: Crash Course World History|Buddha and Ashoka: Crash Course World History #6 CrashCourse. Loading... Unsubscribe from CrashCourse? Cancel Unsubscribe. Working... ... Resources
20140415|http://www.outdoorsmenforum.ca/showthread.php?t=48994|gold panning - Alberta Outdoorsmen Forum|I've found it in certain washes around Norgeg. The battle river has some in spots but I've not spent enough time with research there to make much hay.
20100520|https://www.gearslutz.com/board/so-much-gear-so-little-time/494369-soundclips-gap-pre-73-vs-art-tube-mp.html|SOUNDCLIPS: GAP Pre-73 vs. ART Tube MP - Gearslutz|SOUNDCLIPS: GAP Pre-73 vs. ART Tube MP. ... After the solid performance of the ART here, I may take it to my buddy's studio to A/B against his Great River
20141021|http://www.youtube.com/watch?v=XCpDei-fmXQ|Golden Adventure on the River Ivalojoki - YouTube|Golden Adventure on the River Ivalojoki Janne Korkko. Loading ... Ivalojoki- The gold river canoe
20131120|http://www.youtube.com/watch?v=q3UrZTqCcWo|Golden River Team Cup 2013 - YouTube|Video embedded Golden Play-Off. Semifinale. Athletic Bilbao - Villarreal - Duration: 3:38. AFL Media 142 views. 3:38. CISAG : Trampoline - Golden River
20140520|https://www.theguardian.com/film/2014/may/20/lost-river-cannes-review-ryan-gosling|Cannes review: Lost River - Ryan Gosling flounders with|Video embedded Cannes review: Lost River - Ryan Gosling flounders with directorial debut 2 / 5 stars The first film in which Ryan Gosling
20100726|https://answers.yahoo.com/question/index?qid=20100726150057AAheKp9|What wild animals live in New Mexico?  Yahoo Answers|What wild animals live in New Mexico? 10 mammals? 10 reptiles? 10 amphibians? 10 fish? 10 birds? 10 insects? plz plz plz help! i need an answer asap!!
20130514|http://www.youtube.com/watch?v=oMBtverjlpY|Leyland Cypress Gold Rider - YouTube|Larry O'Neil of Larry's Garden Design and Installation takes you through the wonderful world of the Leyland Cypress Gold Rider
20141220|http://www.youtube.com/watch?v=Dbl0cleo9xg|The Golden Nightingale Orchestra - Red river rock|Sign up for YouTube Red by July 4th for uninterrupted ... No thanks Try it free. Find out why Close. The Golden Nightingale Orchestra - Red river
20100127|http://www.youtube.com/watch?v=mlFBuTfHq0M|100 Western Movies - YouTube|Music from Audio Swap Library: Alcazar (Stairway) (not Ennio Morricone)100 Western Movies (Tips for
20140724|http://www.youtube.com/watch?v=z4nJX8snP4s|Fifty Shades Of Grey - Official Teaser Trailer (HD) - YouTube|Video embedded Fifty Shades of Grey – In Theaters Valentine’s Day Advance Tickets On Sale Now http://unvrs.al/FiftyShadesTickets Pre-order the Fifty
20130403|http://www.youtube.com/watch?v=3II0M8BpL-g|Yangtze Sinorama Gold 8 Cruises Chongqing|Yangtze Sinorama Gold 8 Cruises Chongqing-Yichang -Chongqing China - Croisiere en Chine Simon Sinorama. Loading ... The Yangtze River
20110118|https://answers.yahoo.com/question/index?qid=20110118233002AAdIfUq|GRAMMAR HELP 10 POINTS?  Yahoo Answers|A single GROVE of trees HAVE ALREADY TURNED golden IN THE COOLER WEATHER. (Points : 3) ... (Points : 3) On the bank of the river were
20151012|http://www.youtube.com/watch?v=ynguP36tV60|West Virginia State Wildlife Ctr, gray wolf|This gray wolf resides at the West Virginia Wildlife Center in French Creek, West Virginia. I had never heard a
20121031|http://www.youtube.com/watch?v=rap8PFhK9Xg|Grand Maison Subdivision in Mandeville LA - YouTube|Video embedded Standard YouTube License; Show more Show less. Loading... Autoplay When autoplay is enabled, a suggested video will automatically
20120603|http://www.treasurenet.com/forums/ohio/52914-gold-ohio.html|Gold In Ohio|finding gold in ohio creeks, glod deposit in and around ohio river millcricke, gold in ohio creeks, gold in ohio rivers, gold recovered in ross county ohio,
20151209|http://www.youtube.com/watch?v=DY_dsDbRtFA|BIG4 Mildura Golden River Holiday Park (Powered Site|Video embedded Skip navigation Sign in. Search
20141031|http://www.youtube.com/watch?v=pkBvfdWnz20|The Polar Express Train Ride at the Colorado|For the first time in the history of the Colorado Railroad Museum, ... The Polar Express Train Ride at the Colorado Railroad Museum
20140127|http://www.youtube.com/watch?v=L0ZH3UNNt-U|BIGFOOT Best Evidence 2014 - Sightings of|BIGFOOT Best Evidence 2014 - Sightings of Sasquatch, Yeti  Bigfoot COMPILATION PARANORMAL
20150716|http://www.youtube.com/watch?v=6YfS7m4DYTM|Golden Grotto River Trace with Hualien|Golden Grotto River Trace with Hualien Outdoors(ADVANCED ... The Golden Grotto Taiwan Hualien water ... River tracing: golden
20160629|http://www.youtube.com/watch?v=_RJjfH06BtY|越南房地产。VINHOMES GOLDEN RIVER。在城市|VINHOMES GOLDEN RIVER. 钻石地点。0909.235.228 高档房地产项目会涨价的理由。 按专家分析中心
20140528|http://www.youtube.com/watch?v=qMpp8IFL64E|Mark Knopfler - Sultans of Swing (Fender|Mix - Mark Knopfler - Sultans of Swing (Fender Stratocaster) YouTube; Dire Straits Sultans Of Swing (1978)
20120730|http://www.youtube.com/watch?v=bAlnBM6xqQk|River City Extension - Golden Tongue [Thanatopsis|River City Extension stopped in Birmingham to do a Nervous Energies session while on tour with The Drowning
20110118|http://www.youtube.com/watch?v=UtuWvi0fkb4|Sad Keanu BBC interview - YouTube|Keanu Reeves talks on the BBC Breakfast Show about his Sad Keanu meme whilst trying to remain cool.
20150119|http://www.youtube.com/watch?v=Vat_no_StOE|Golden River - youtube.com|Video embedded Provided to YouTube by The Orchard Enterprises Golden River  Paul Robeson Paul Robeson ℗ 2010 Pickwick Group Ltd Released
20170614|http://www.sarkarimirror.com/the-minister-of-state-for-youth-affairs-and-sports-ic-water-resources-river-development-and-ganga-rejuvenation-shri-vijay-goel-and-the-president-of-aiff-shri-praful-patel-in-a-group-photograph/|Sarkarimirror  India top Bureaucracy News provider|The Minister of State for Youth Affairs and Sports (I/C), Water Resources, River Development and Ganga Rejuvenation, Shri Vijay Goel and the
20151017|http://www.youtube.com/watch?v=xSevZ6ZyCsQ|Golden River Competition Newnan High School|Golden River Competition Newnan High School April Payne. Loading... Unsubscribe from April
20120213|http://www.youtube.com/watch?v=5MfCrHXN-Hs|Saddle Boy --- Slim Dusty - YouTube|Mix - Saddle Boy --- Slim Dusty YouTube; Johnny Ashcroft - Little boy lost - Duration: 4:02. janschro
20150924|http://www.youtube.com/watch?v=iYQj546Ukls|The Golden Toadstools - Weeping River (Minaret) - YouTube|Video embedded Rating is available when the video has been rented
20140527|http://www.youtube.com/watch?v=djLp7F9oS08|SHORE THING - Line Dance -- Présentée par Martine à|Video embedded SHORE THING Chorégraphie de Eddie Huffman (US) - mars 2011 Musique : Shore Thing de Luke Bryan (96 BPM) (CD : Spring Break 3)
20110526|http://www.goldenretrieverforum.com/choosing-golden-retriever-breeder-puppy/97940-warning-about-jo-meister-river-run-goldens.html|A warning about Jo Meister and River Run Goldens - Golden|I have an update on my puppy and River Run Goldens, and unfortunately I would no longer recommend working with Jo Meister. When I first talked to Jo
20100726|http://www.youtube.com/watch?v=11OphZ-CDUE|The Golden Hinde and River Thames - YouTube|The replica of Drake's ship, the Golden Hinde, in dock at Southwark, London, SE1, and a view of the River
20161110|http://www.youtube.com/watch?v=EoF7L8HbTtQ|[CCR.VN]_DỰ ÁN VINHOMES GOLDEN RIVER - YouTube|Video embedded ... _DỰ ÁN VINHOMES GOLDEN RIVER ... - Công ty Cổ Phần Dịch Vụ Bất Động Sản Trung Tâm Thành Phố_City Central Real Estate Corporation
20141021|http://www.contractortalk.com/f10/vinyl-plank-flooring-114067/|Vinyl Plank Flooring - Flooring - Contractor Talk|Vinyl plank flooring with the look and feel of real wood...ha! Have you guys worked with this before? I was told it could go down over VCT that has been
20110314|http://www.youtube.com/watch?v=jbLmlg02yGE|Old Man River: The Golden Gate Quartet USA|Old Man River: The Golden Gate Quartet USA bodoildi1. Loading ... Paul Robeson - Ol' Man River
20120625|http://www.youtube.com/watch?v=UWH3vFQhC1o|Oasis - Live Manchester 2005 HD Full Concert|Oasis fue una banda británica de rock formada en Mánchester en 1991. Inicialmente conocida como The Rain, la
20110904|http://m14forum.com/m16-ar15/102603-ea-15-a.html|Ea-15? - M14 Forum|Ea-15? This is a discussion on Ea-15? within the M16 AR15 forums, part of the Rifle Forum category; What can you guys tell me about Eagle Arms EA-15?
20110306|http://www.youtube.com/watch?v=tOqhmp7CnJk|Glenwood Springs to Moab UT with GoPRO|Glenwood Springs to Moab UT with GoPRO DestinationPharmD. Loading... Unsubscribe from
20150525|http://www.youtube.com/watch?v=TcjbhhGLOCE|Golden Star - Green River - YouTube|Golden Star - Green River Vendel Jakus. Loading ... A Golden Star együttes 2015-ös Nosztalgia
20120921|http://www.youtube.com/watch?v=UE8yHySiJ4A|The Largest Galaxy in the Universe: IC 1101|The Largest Galaxy in the Known Universe [IC 1101] - Duration: 4:49. FinalFrontier 640,665 views. 4:49. Deep
20140530|http://www.youtube.com/watch?v=8oJ3ODnQirE|Where go the boats? / On go the boats. - YouTube|Where go the boats? By Robert Louis Stevenson. On go the boats. By James David Chapman. Where go the boats? Dark brown is the river. Golden
20160405|http://www.youtube.com/watch?v=MHynMYcJ1zg|The Curse of Sleeping Beauty Official Trailer 1|The Curse of Sleeping Beauty Official Trailer 1 (2016) - Ethan Peck, India Eisley Movie HD IN THEATERS:
20140415|http://www.youtube.com/watch?v=gtRMamyrE1w|The Golden Toadstools - Weeping River - YouTube|The Golden Toadstools - Weeping River (Minaret) - Duration: 3:10. Fonsoul Bcn 66 views. 3:10. The
20160522|http://www.youtube.com/watch?v=8d8u2SCRoc0|VINHOMES GOLDEN RIVER BA SON PHONG CÁCH ĐẾ|Video embedded Vingroup mở bán đợt 1 Vinhomes golden river cảng ba son hứa hẹn thu hút các nhà đầu tư trong và ngoài nước.Dự án bao gồm khu
20130224|http://www.youtube.com/watch?v=XXgj7_8nqVc|Alice in Wonderland (Full Ride : HD Front Seat|Alice in Wonderland (Full Ride : HD Front Seat POV) ... Jurassic Park The Ride River Adventures Front
20120730|http://www.youtube.com/watch?v=Ftirz5fA8Ck|Life in Whistler - The River of Golden Dreams - YouTube|Video embedded Life in Whistler - The River of Golden Dreams G Stevenson. Loading... ... River of Golden Dreams - Guided Canoe Tour - Duration: 3:19.
20140808|http://www.youtube.com/watch?v=-oQdS3GokeM|Colorado State Record Tiger Trout - YouTube|As many of you know Tiger Trout are mostly genetically engineered fish often only found in Private waters in
20130704|http://www.youtube.com/watch?v=spgb4JxagCw|6 Ways to Improve Your Watercolor Paintings:|Develop your watercolor skills more quickly by avoiding these six mistakes often made by beginning painters.
20110423|http://visitagraindia.blogspot.com/2011/04/fun-facts-of-agraindia.html|Fun Facts of Agra,India|Fun Facts of Agra,India ... its chord lying parallel to the Yamuna River and stretches for ... white in the day and changes its color to golden in the
20110308|http://www.youtube.com/watch?v=n-abxpFT8JI|$55,900 3 Bed 2 Bath Mobile on own Land, 407 Golden|Video embedded $55,900 3 Bed 2 Bath Mobile on own Land, 407 Golden Hinde, Gold River, Vancouver Island TahsisRealty. Loading
20110124|http://knitjones.blogspot.com/2011/01/nuptials.html|Knit Jones: Nuptials|Nuptials I can't believe ... tea has a surprisingly bold flavor, though balanced with a delicate fruitiness that is a bright as the gorgeous golden colour
20160520|http://www.youtube.com/watch?v=DPW4FagKoxw|Căn hộ vinhomes golden river bason saigon quận 1|Video embedded vinhomes golden river otosaigon, Chi tiết: http://canho-chungcu.com/tim-hieu-chi...,,,,vinhomes golden river tuyển dụng, vinhomes golden river
20131104|http://www.youtube.com/watch?v=J9o_jbN0cBM|Dragon's Law - NEW - Slot Machine Bonus|Dragon's Law - NEW - Slot Machine Bonus - Konami Casinomannj - Creative Slot Machine Bonus Videos.
20110210|http://www.youtube.com/watch?v=3Kqh8FsdyWU|How to draw Willie Wonka from Charlie and the|Step by step instructions on how to draw Willie Wonka from Charlie and the Chocolate Factory. I drew
20101101|http://trailparkreviews.blogspot.com/2010/11/south-mineral-campground-silverton.html|South Mineral Campground, Silverton ... - blogspot.com|South Mineral Campground, Silverton Colorado ... there are numerous dispersed campsites along the road and beside the river; ... Golden Colorado, A New
20100924|http://www.youtube.com/watch?v=7dMBKgSlUPg|Goose that Laid the Golden Egg - YouTube|Goose that Laid the Golden Egg HooplaKidz ... The Golden Egg - Aesop's Fables In Malayalam
20100924|http://www.youtube.com/watch?v=010KyIQjkTk|Kris Kross - Jump - YouTube|Music video by Kris Kross performing Jump. (C) 1992 Sony BMG Music Entertainment
20110904|http://www.youtube.com/watch?v=MPkMg2RmZe4|Salmon Underwater Attacks at the Golden Gate|Salmon attack video trailer at Golden Gate fishing With FBR™ lures some great underwater attack video
20111124|http://www.youtube.com/watch?v=eMZbTexaeDI|Captain Chaos - A Golden Fish Swimming Up a River|Video embedded Captain Chaos - A Golden Fish Swimming Up a River bank melancholyhill. Loading... Unsubscribe from melancholyhill? Cancel