20160831|http://www.youtube.com/watch?v=0mHJfmMwZyw|Lumentum Wins 2016 Leading Lights Award|Lumentum Wins 2016 Leading Lights Award Lumentum. Loading ... Lumentum Holdings - Duration: 2:01.
20161208|http://www.youtube.com/watch?v=Q5pDDsWKcSQ|FNSR, LXU, NKTR, POT - Stock Charts - Harry Boxer|12/8/16 - www.TheTechTrader.com - It was another good day on Wall Street on Thursday. We have a lot
20161226|http://www.youtube.com/watch?v=Z5s8mio5lhM|What can a 3D sensing smartphone do?Ars|What can a 3D sensing smartphone do?Ars Technica Ars Technica. Loading ... Lumentum Holdings
20170202|http://www.youtube.com/watch?v=DkS06FhXOwQ|Photonics West 2017: ST2 Pump Laser - YouTube|Photonics West 2017: ST2 Pump Laser Lumentum. Loading... Unsubscribe from Lumentum? Cancel Unsubscribe. Working ... Lumentum Holdings
20170210|http://www.youtube.com/watch?v=HI9VAO6gkQA|Lumentum Holdings - YouTube|Video embedded VIDEO FINANCIAL REPORTING Why invest in is the first financial video platform where you can easily search through thousands of videos
20170313|http://www.youtube.com/watch?v=841IKFq8YS0|Чат трейдеров Fondexx в Telegram: регистрация - YouTube|Video embedded Чат трейдеров Fondexx Telegram - Duration: ... 04 05 2017 Торговля акциями Lumentum Holdings и Tesla Inc. +$ 29 925 за
20170316|http://www.youtube.com/watch?v=Ja7IhwGiwQ8|KEM, SALT, ESRX, PZZA - Harry Boxer,|KEM, SALT, ESRX, PZZA - Harry Boxer, TheTechTrader.com ... Kopin Corporation (KOPN), Lumentum Holdings ... PZZA - Harry Boxer, TheTechTrader
20170322|https://www.investing.com/equities/lumentum-holdings-inc-commentary|Lumentum Holdings Inc (LITE) Stock Forums - Investing.com|Compiled here, all relevant comments and discussions regarding the LITE Stock.
20170329|http://www.youtube.com/watch?v=Mt12s9Pz-h8|Inside Day for the SP While Rates Fall - Dave's Daily|Video embedded Lumentum Holdings Inc. manufactures and sells optical and photonic products in the Americas, the Asia-Pacific, Europe, the Middle
20170421|http://www.youtube.com/watch?v=gW2-U6aXZiA|18 04 2017.Торговля акциями GNC Holding, Inc и Kate|Video embedded 04 05 2017 Торговля акциями Lumentum Holdings и Tesla Inc. +$ 29 925 за сессию - Duration: 5:23. Fondexx 74 views. 5:23.
20170428|http://bridgeandtunnelinvestor.com/thread/3841/china-set-optical-rebound-analysts|China commentary re Optical CommunicationsBridge|Bridge and Tunnel Investor... FIber Optics. China commentary re Optical Communications. ... who is generally very positive on names such as Lumentum Holdings
20170524|http://gilmoreport.com/may-24-2017/|May 24, 2017The Gilmo Report|. The major indexes ... In this case this would be Lumentum Holdings , which recently broke out of a seven-month cup formation with a one-week handle,
20170528|http://gilmoreport.com/may-28-2017/|May 28, 2017The Gilmo Report|. May 27, 2017. Skittish investors spent the morning on Friday clearing out ahead of the long Memorial Day Weekend. ... Lumentum Holdings
20170531|https://gilmoreport.com/may-31-2017/|May 31, 2017The Gilmo Report|. The market’s story is best told by a chart of the NASDAQ 100 Index, ... Lumentum Holdings is a similar situation to AAOI.
20170616|http://icrowdnewswire.com/2017/06/16/stock-performance-review-on-communication-equipment-industry-infinera-lumentum-acacia-communications-and-commscope/|Stock Performance Review on Communication|3:20 PM ET. Stock Performance Review on Communication Equipment Industry — Infinera, Lumentum, Acacia Communications, and CommScope
20170619|http://icrowdnewswire.com/2017/06/19/laser-technology-market-opportunity-assessment-development-status-type-and-application-segmentation-forecast-by-2022/|Laser Technology Market Opportunity Assessment|7:01 PM ET. Laser Technology Market Opportunity Assessment, Development Status, Type and Application, Segmentation, Forecast by 2022
20170713|http://timesofindia.indiatimes.com/business/international-business/applied-optoelectronics-surges-to-new-record-on-strong-q2-forecast/articleshow/59581666.cms|Applied Optoelectronics: Surges to new record on|** AAOI's announcement buoys other optical stocks on Thurs: Lumentum Holdings Inc up 4.9 pct, Oclaro Inc 3 pct, Finisar Corp 2.2 pct, Fabrinet 1 pct
20170719|http://www.nasdaq.com/article/nasdaq-posts-longest-stretch-of-gains-in-2-years-5-picks-cm818324|Nasdaq Posts Longest Stretch of Gains in 2 Years: 5 Picks|Lumentum Holdings Inc.LITE is a manufacturer of innovative optical and photonic products. Lumentum Holdings has a Zacks Rank #2 and a VGM Score of B.
20170719|https://seekingalpha.com/article/4088742-lumentum-now-3d-sensing-story|Lumentum: Now A 3D Sensing Story - Lumentum Holdings|Lumentum has a growing and profitable optical business but the real potential is in its VCSEL technology for mobile applications. The lack of
20170720|http://www.nasdaq.com/article/the-zacks-analyst-blog-highlights-applied-optoelectronics-ultra-clean-holdings-coherent-lumentum-holdings-and-paypal-holdings-cm818598|The Zacks Analyst Blog Highlights: Applied|The Zacks Analyst Blog Highlights: Applied Optoelectronics, Ultra Clean Holdings, Coherent, Lumentum Holdings and PayPal Holdings
20170720|http://healthcaremenu.net/2017/07/20/tile-shop-hldgs-inc/|Tile Shop Hldgs Inc - healthcaremenu.net|Amer Interest Grp Incorporated reported 23,945 shares. It also upped Lumentum Holdings Inc. stake by 103,259 shares and now owns
20170721|http://nolopodrasdejardever.com/2017/07/capital-senior-living-corporation/|Capital Senior Living Corporation|It also increased its holding in Lumentum Holdings Inc.by 34,575 shares in the quarter, for a total of 84,163 shares, and has risen its stake in Care.Com Inc.
20170723|http://nolopodrasdejardever.com/2017/07/the-groupon-inc-grpn-position-maintained-by-glenmede-trust/|The Groupon, Inc. (GRPN) Position Maintained by|Revenue per share is 5.55. It also upped Lumentum Holdings Inc. stake by 34,575 shares and now owns 84,163 shares.