20141002|http://www.youtube.com/watch?v=zTvP5RwWyWo|retreathd720 - YouTube|Video embedded This is an excerpt from the video that forms part of the installation Retreat ( I know I can't win) by Sandro Setola. made in 2013 as a two
20150513|http://www.analystratings.com/2015/05/13/canaccord-genuity-thinks-materialise-nvs-stock-is-going-to-recover-2/406288/|Canaccord Genuity Thinks Materialise NV’s Stock is|Canaccord Genuity analyst Robert Burleson reiterated a Buy rating on Materialise NV (NASDAQ: MTLS) yesterday and set a price target of $10. The
20160209|http://www.youtube.com/watch?v=ZhEjAj8uUVw|3D Printing Market Outlook Global Trends, Forecast,|Video embedded The key players in the 3D Printing market include 3D Systems, ... Exone, Luxexcel, Materialise NV, MCOR Technologies Ltd,
20160723|http://3dprintboard.com/showthread.php?25222-Week-s-Printing-News-Includes-Austria-s-XIONEER-New-Materialise-Partnership-amp-More|Week's Printing News Includes Austria's XIONEER, New|Week's Printing News Includes Austria's XIONEER, New Materialise ... Week's Printing News Includes Austria's XIONEER, New Materialise Partnership ... Materialise NV
20160921|http://www.youtube.com/watch?v=Nafp8GJEmWo|REVIEW & UN-BOXING PARODY - YouTube|Video embedded Materialise NV – Leuven, Belgium MBot – China Mcor Technologies – Dunleer, Irelande Microjet Technology Co., Ltd. - Taipei, Taiwan
20161212|http://www.youtube.com/watch?v=iH4xnk8A108|Create 3D Anatomical Models from Radiology Images|Video embedded Carestream is collaborating with Materialise NV to provide healthcare providers with a Web-based printing service to create 3D anatomical
20170130|https://medicaldeviceresearch.wordpress.com/2017/01/page/2/|January2017Medical Devices Business Research|7 posts published by Alina Martin during January 2017
20170213|http://www.youtube.com/watch?v=FPSUjmwBL8E|How to Pronounce Edmonton Transit System - YouTube|Video embedded How to Pronounce Materialise NV - Duration: 1:02. Emma Saying 8 views. 1:02. How to Pronounce Grace and Frankie - Duration: 1:02.
20170309|http://www.youtube.com/watch?v=i0KmWbd8t4k|How to Pronounce Integrated Device Technology - YouTube|Video embedded Learn how to say Integrated Device Technology with EmmaSaying free pronunciation tutorials. http://www.emmasaying.com Care to
20170316|http://www.youtube.com/watch?v=MU4QiKlaSNo|How to Pronounce John Laing Infrastructure Fund - YouTube|Video embedded How to Pronounce Materialise NV - Duration: 1:02. Emma Saying 8 views. 1:02. How to Pronounce Johnson Controls - Duration: 1:02.
20170323|http://www.youtube.com/watch?v=wKffIrx6_J4|How to Pronounce Powell River - YouTube|How to Pronounce Materialise NV - Duration: 1:02. Emma Saying 8 views. 1:02. How to Pronounce Migos
20170323|http://www.youtube.com/watch?v=n82dxub_IrI|How to Pronounce Materialise NV - YouTube|Video embedded Learn how to say Materialise NV with EmmaSaying free pronunciation tutorials. http://www.emmasaying.com Care to show your support?
20170507|http://www.qatif-forum.com/vb/showthread.php?t=108531&page=1&s=001161d2eca89ca0c06f53d6ab56ded5|Materialise Magics.21.1 - qatif-forum.com|https://pxhst.co/avaxhome/2c/61/0045612c_medium.jpg Materialise Magics 21.1366.9 mb Materialise NV, a leading provider of additive manufacturing
20170507|https://www.shaanig.org/f76/materialise-magics-21-1-a-5186856/|Materialise Magics 21.1 - ShAaNiG|OS: WIndows 64Language: EnglishSize: 366 MB Materialise NV, a leading provider of additive manufacturing software and of sophisticated 3D
20170507|https://www.shaanig.org/f76/materialise-magics-21-1-a-5186853/|Materialise Magics.21.1 - ShAaNiG|Materialise Magics 21.1366.9 mb Materialise NV, a leading provider of additive manufacturing software and of sophisticated 3D printing services,
20170507|http://www.inwarez.org/showthread.php?4051200-Materialise-Magics-21-1|Materialise Magics 21.1 - inwarez.org|http://keepimg.com/images/sf83ObPWIVgB1RdT74ocqJRJSgjJ4h5w.jpg OS: WIndows 64Language: EnglishSize: 366 MB Materialise NV, a leading
20170508|http://www.qatif-forum.com/vb/showthread.php?t=108640&page=1&s=dc0ef3c8121fbef460d4ce00fd743c6a|Materialise Magics 21.1 - qatif-forum.com|http://i91.fastpic.ru/big/2017/0506/f3/1d3bbacc47d063ed7a9e83829d8d55f3.jpg Materialise Magics 21.1366.9 mb Materialise NV
20170508|http://www.inwarez.org/showthread.php?4052811-Materialise-Magics-21-1|[WS] Materialise Magics 21.1 - inwarez.org|http://i91.fastpic.ru/big/2017/0506/f3/1d3bbacc47d063ed7a9e83829d8d55f3.jpg Materialise Magics 21.1366.9 mb Materialise NV
20170509|https://www.shaanig.org/f76/materialise-magics-v21-1-x64-5189602/|Materialise Magics v21.1 (x64) - shaanig.org|Materialise Magics v21.1 (x64)366 MB Materialise NV, a leading provider of additive manufacturing software and of sophisticated 3D printing
20170509|http://www.inwarez.org/showthread.php?4055326-Materialise-Magics-v21-1-%28x64%29|Materialise Magics v21.1 (x64) - InWarez.Com|Materialise NV, a leading provider of additive manufacturing software and of sophisticated 3D printing services, has released 21.1 version of Magics is a versatile
20170510|https://www.maaxhd.com/showthread.php?58906-Materialise-Magics-21-1|Materialise Magics 21.1 - MAAXHD|Materialise NV, a leading provider of additive manufacturing software and of sophisticated 3D printing services, has released 21.1 version of Magics is a
20170510|http://www.heavenplanet.net/softwares/250552-materialise-magics-21-1-a.html|Materialise Magics 21.1 - Heavenplanet Online Community|OS: WIndows 64Language: EnglishSize: 366 MB Materialise NV, a leading provider of additive manufacturing software and of sophisticated 3D
20170510|http://www.duckload.ws/forum/showthread.php?t=1038249&page=1&s=abbbea84a50e4cb47a1195020e1e9826|Materialise Magics v21.1 (x64) - duckload.ws|http://i.imgur.com/Jnu2nJ8.png Materialise Magics v21.1 (x64)366 MB Materialise NV, a leading provider of additive manufacturing software and of
20170510|http://www.inwarez.org/showthread.php?4056434-Materialise-Magics-21-1|Materialise Magics 21.1 - InWarez.Com|Materialise NV, a leading provider of additive manufacturing software and of sophisticated 3D printing services, ... Why Choose Materialise Magics
20170511|http://movie-forum.co/showthread.php?1042386-Materialise-Magics-21-1|Multi Materialise Magics 21.1 - WJunction|Materialise NV, a leading provider of additive manufacturing software and of sophisticated 3D printing services, ... Why Choose Materialise Magics
20170512|http://www.heavenplanet.net/softwares/250966-materialise-magics-v21-1-x64.html|Materialise Magics v21.1 (x64) - Heavenplanet|Materialise Magics v21.1 (x64)366 MB Materialise NV, a leading provider of additive manufacturing software and of sophisticated 3D printing
20170621|http://icrowdnewswire.com/2017/06/21/3d-printing-materials-market-industry-outlook-research-report-2016-2023-by-decisiondatabases/|3D Printing Materials MarketIndustry Outlook Research|4:32 AM ET. 3D Printing Materials MarketIndustry Outlook Research Report 2016-2023 By DecisionDatabases
20170624|http://icrowdnewswire.com/2017/06/24/3d-printing-in-aerospace-and-defense-market-industry-outlook-analysis-report-2016-2023/|3D Printing In Aerospace And Defense MarketIndustry|12:40 PM ET. 3D Printing In Aerospace And Defense MarketIndustry Outlook Analysis Report 2016-2023
20170710|http://icrowdnewswire.com/2017/07/10/global-3d-printing-in-healthcare-market-2017-materialise-nv-envisiontec-bio-rad-laboratories-organovo-simbionix/|Global 3D Printing in Healthcare Market 2017 –|5:30 PM ET. Global 3D Printing in Healthcare Market 2017 – Materialise NV, EnvisionTEC, Bio-Rad Laboratories, Organovo, Simbionix
20170711|https://www.bizjournals.com/prnewswire/press_releases/2017/07/11/BR39674|3D Printing Market by Offering, Process, Application|The prominent players profiled in this report are Stratasys Ltd. (US), 3D Systems Corporation (US), EOS GmbH (Germany), Materialise NV (Netherlands),
20170714|https://epsnews.com/2017/07/14/3d-printing-market-reach-32-8b-2023/|3D Printing Market to Reach $32.8B by 2023|The 3D printing market is expected to grow at a CAGR of 25.76% between 2017 and 2023, to be worth USD 32.78 billion by 2023 with Aerospace and Defense