20110407|http://www.youtube.com/watch?v=XhRemy1XeJQ|7 April 2011 Invesco ltd rang the NYSE Closing Bell - YouTube|Video embedded Invesco Ltd. (NYSE-Listed IVZ) and Barron's visits the NYSE to highlight Barron's Winners Circle. In honor of the occasion, Invesco Head of
20110407|http://www.youtube.com/watch?v=TDy8q67XD4A|MagnaChip Semiconductor rang the NYSE|South Korea-based MagnaChip Semiconductor Corporation (NYSE-Listed MX) visits the NYSE to celebrate
20110408|http://www.youtube.com/watch?v=4HF_JPuUZjU|8 April 2011 UCONN rang NYSE Opening Bell|8 April 2011 UCONN rang NYSE Opening Bell NYSE. Loading... ... MagnaChip Semiconductor rang the
20110627|http://www.youtube.com/watch?v=AylVZFF_X9s|27 June 2011 Quest Rare Materials Edit - YouTube|27 June 2011 Quest Rare Materials Edit NYSE. Loading... ... MagnaChip Semiconductor celebrates first
20110628|http://www.edaboard.com/thread133485.html|How to do metal slot in Virtuoso, please?|Hi, I know when the metal is too wide, the metal slot must be placed for releasing stress of wide metal line. In Virtuoso Layout Editing, how can I make it and
20110724|http://www.pcdvd.com.tw/showthread.php?t=936792|ENERMAX MAXREVO模組化1350W電源供應器-介紹篇|全橋式的四顆開關晶體使用韓國美格納MagnaChip MDF18N50 500V 18A 0.28歐姆Power MOSFET，未使用知名大廠如IR/IXYS/INFINEON/FAIRCHILD
20111215|https://pradeepchakraborty.wordpress.com/2011/12/15/future-material-and-devices-for-power-electronics/|Future material and devices for power electronics|Alexandre Avron, market analyst in power electronics, Yole Développement, provided a briefing on semiconductor material’s potential through an
20120717|http://www.airsoftohio.com/forums/showthread.php?p=394117|Evike Avocado Warning - Airsoft Ohio Forums|It even has an actual mosfet on the board and the case is transparent so you can see it easily. Its a MDD1501 from magnachip which handles up to 65A+.
20130226|http://www.youtube.com/watch?v=HnQyCw8_qUo|LCD TV Repair Samsung LJ94-02832K Timing|LCD TV Repair Samsung LJ94-02832K Timing Control (T-Con) Boards Replacement Guide ShopJimmy.com.
20130317|http://www.youtube.com/watch?v=cC_LpEHoK2E|2013 SMS / PE4 봄 나들이 - YouTube|Video embedded Magnachip Semi. SMS/PE4 봄 나들이 ... Korea introduces new RD funding model for semi-conductors 한국 미래 반도체 RD
20130325|https://elecok.wordpress.com/2013/03/25/laptop-lcd-screens/|Industrial LCD Screens,Laptop LCD Screens ... - Elecok.com|ElecOK.com specializes exclusively in the sale of Industrial LCD Screens,laptop LCD screentablet LCD screens technology.100% satisfaction
20130404|https://elecok.wordpress.com/2013/04/page/2/|April2013Elecok.comPage 2|7 posts published by elecok during April 2013. ... MagnaChip Semiconductor’s BOSS Provides from Citi Worldwide Technologies Meeting Unknown
20130404|https://elecok.wordpress.com/2013/04/04/what-is-difference-between-lp094wx1-sla2-and-lp094wx1-sla1-lcd-screens/|What is difference between LP094WX1-SLA2 and|What is difference between LP094WX1-SLA2 and LP094WX1-SLA1 lcd screens? LCD Screens April 4, 2013 Leave a comment. LP094WX1-SLA2.
20130412|https://elecok.wordpress.com/2013/04/12/samsung-ltn156at02-lcd-panel/|SAMSUNG LTN156AT02 LCD PanelElecok.com|SAMSUNG LTN156AT02 LCD Panel. LCD Screens April 12, 2013 Leave a comment. SAMSUNG LTN156AT02 15.6″ a-Si TFT-LCD Panel.
20130415|https://elecok.wordpress.com/tag/lq104v1dg11/|LQ104V1DG11Elecok.com|MagnaChip Semiconductor’s BOSS Provides from Citi Worldwide Technologies Meeting Unknown Analyzer; We now have the combined business
20130415|https://elecok.wordpress.com/2013/04/15/ltm200kt10-ltm200kt10-801-samsung-20-0-lcd-panel/|Special Price LTM200KT10,LTM200KT10-801 SAMSUNG|Special Price LTM200KT10,LTM200KT10-801 SAMSUNG 20.0″ LCD ... MagnaChip Semiconductor’s BOSS Provides from Citi Worldwide Technologies
20130416|https://elecok.wordpress.com/2013/04/16/tc020thea1/comment-page-1/|What Is The Datasheet Of TC020THEA1 LCD Panel ?|What Is The Datasheet Of TC020THEA1 LCD Panel ? ... MagnaChip Semiconductor’s BOSS Provides from Citi Worldwide Technologies Meeting Unknown
20130416|https://elecok.wordpress.com/tag/tc020thea1/|TC020THEA1Elecok.com|TC020THEA1. Search. Recent Posts. MagnaChip Semiconductor’s BOSS Provides from Citi Worldwide Technologies Meeting Unknown Analyzer;
20130418|https://elecok.wordpress.com/2013/04/18/lmg7420plfc-x-hitachi-5-1-lcd-panel-replacement/|LMG7420PLFC-X Hitachi 5.1″ LCD Panel Replacement|LMG7420PLFC-X Hitachi 5.1 LCD Panel Replacement CLICK TO VIEW REVIEWS Original New HITACHI LMG7420PLFC-X,LMG7420PLFC X TFT LCD
20130418|https://elecok.wordpress.com/2013/04/18/lq121s1dg41-sharp-12-1-800600-tft-lcd-panel/|LQ121S1DG41 SHARP 12.1 800*600 TFT LCD PANEL|LQ121S1DG41 SHARP 12.1 800*600 TFT LCD PANEL CLICK TO VIEW REVIEWS QUALITY IS 100% GUARANTEED Suitable for: LQ121S1DG41 SHARP
20130501|https://forum.allaboutcircuits.com/threads/mdu2657-and-2654.84501/|Mdu2657 and 2654 - All About Circuits|Hello it's my first post and three mosfets from my gpu (gtx 580 reference) are burned so i wasted several hours to find out what are those mosfets
20130506|http://www.edaboard.com/thread287665.html|MDU2657 AND 2654 help witch choosing alternative one|Hello i'm Daniel and i'm new on this forum but from the start i need ... Thanks to main director of Magnachip he also sent me alternative chips ,but i don't
20130507|http://www.youtube.com/watch?v=SDC6nNtCN58|BankUnited Celebrates Entering the New York Market|Video embedded BankUnited Celebrates Entering the New York Market at the NYSE NYSE. Loading ... MagnaChip Semiconductor Corporation at
20130508|http://www.youtube.com/watch?v=pyqwVRerXj8|MagnaChip Semiconductor Corporation at the|MagnaChip Semiconductor Corporation, a Korea-based designer and manufacturer of analog and mixed
20130521|https://elecok.wordpress.com/2013/05/21/mc57t02e/|MC57T02E ARIMA LCD PANEL NEWElecok.com|MC57T02E ARIMA LCD PANEL NEW CLICK TO VIEW REVIEWS Original New MC57T02E ARIMA LCD PANEL, with 60 days warranty QUALITY IS
20130521|https://elecok.wordpress.com/2013/05/21/hosiden-hld0909-010050-lcd-panel/|HOSIDEN HLD0909-010050 LCD PanelElecok.com|HOSIDEN HLD0909-010050 LCD Panel CLICK TO VIEW REVIEWS QUALITY IS 100% GUARANTEED Package:1x lcd screen display The HOSIDEN HLD0909-010050 LCD Panel
20130522|https://elecok.wordpress.com/2013/05/22/ltm12c289s-12-1-a-si-tft-lcd-panel-for-toshiba/|LTM12C289S 12.1″ a-Si TFT-LCD Panel for TOSHIBA|LTM12C289S 12.1 a-Si TFT-LCD Panel for TOSHIBA CLICK TO VIEW REVIEWS Original New LTM12C289S, with 60 days warranty QUALITY IS 100%
20130522|https://elecok.wordpress.com/2013/05/22/g084sn03-v1/|G084SN03 V1 8.4″ a-Si TFT-LCD Panel for AUO Datasheet|G084SN03 V1 AUO 8.4 a-Si TFT-LCD Panel CLICK TO VIEW REVIEWS Original New G084SN03 V1, with 60 days warranty QUALITY IS 100%
20130523|https://elecok.wordpress.com/2013/05/23/lb121s02-a2-12-1-a-si-tft-lcd-panel-for-lg-philips-lcd/|LB121S02-A2 12.1″ a-Si TFT-LCD Panel for LG.Philips LCD|LB121S02-A2 LG.Philips LCD 12.1 a-Si TFT-LCD Panel CLICK TO VIEW REVIEWS Original New LB121S02-A2, with 60 days warranty QUALITY IS
20130614|https://elecok.wordpress.com/|Elecok.comIndustrial LCD,Laptop&Tablet LCD Screens|MagnaChip Semiconductor’s BOSS Provides from Citi Worldwide Technologies Meeting Unknown Analyzer Hello, everybody, we’re likely to continue
20130614|https://elecok.wordpress.com/category/lcd-panel/|LCD PanelElecok.com|MagnaChip Semiconductor’s BOSS Provides from Citi Worldwide Technologies Meeting Unknown Analyzer Hello, everybody, we’re likely to continue
20130912|https://elecok.wordpress.com/2013/09/|September2013Elecok.com|MagnaChip Semiconductor’s BOSS Provides from Citi Worldwide Technologies Meeting Unknown Analyzer Hello, everybody, we’re likely to
20130912|https://elecok.wordpress.com/2013/09/12/magnachip-semiconductors-boss-provides-from-citi-worldwide-technologies-meeting-unknown-analyzer/|MagnaChip Semiconductor’s BOSS Provides from Citi|MagnaChip Semiconductor's BOSS Provides from Citi Worldwide Technologies Meeting Unknown Analyzer Hello, everybody, we’re likely to
20131217|https://forums.anandtech.com/threads/gtx-780-ti-reviews.2352166/page-32|Page 32 - GTX 780 Ti reviews|GTX 780 Ti reviews. Discussion in 'Video Cards and Graphics' started by wand3r3r, Nov 7, ... On the back, six MDU3606 Mosfet from Magnachip can also
20140331|http://www.goldismoney2.com/threads/frontrunning-march-31.62740/|Frontrunning: March 31Gold is Money - The Premier|Frontrunning: March 31 [IMG] Submitted by Tyler Durden on 03/31/2014 07:27 -0400 [IMG][IMG][IMG] US, Russia talks fail to end Ukraine deadlock
20140420|http://forum.kingpincooling.com/showthread.php?t=2670|CPU voltage regulation MOSFET swap|CPU voltage regulation MOSFET swap Hardware Modding ... Hardware Modding Soldering, deciphering datasheets, tricks and tips.
20140615|https://forums.anandtech.com/threads/samsung-and-globalfoundries-forge-strategic-collaboration-to-deliver-14nm-finfet.2378755/page-7|Samsung and GLOBALFOUNDRIES Forge Strategic Collaboration|Samsung and GLOBALFOUNDRIES Forge Strategic Collaboration to Deliver 14nm FinFET. ... Magnachip Semiconductor (There is more but I'm not
20141113|http://www.goldismoney2.com/threads/frontrunning-november-13.72993/|Frontrunning: November 13Gold is Money - The|Frontrunning: November 13 [IMG] Submitted by Tyler Durden on 11/13/2014 07:59 -0500 ... MagnaChip (MX) announced completion of audit
20150316|http://www.badcaps.net/forum/showthread.php?t=7335&page=113|Power supply build quality pictorial. part 2 - Page 113|Page 113- Power supply build quality pictorial. part 2 Power Supply Design and Troubleshooting ... The switchers and PFC FETs are all MagnaChip
20150506|http://www.cruisersforum.com/forums/f14/lifepo4-batteries-discussion-thread-for-those-using-them-as-house-banks-65069-303.html|LiFePO4 Batteries: Discussion Thread for Those Using|Re: LiFePO4 Batteries: Discussion Thread for Those Using Them as House Banks
20150518|http://www.youtube.com/watch?v=vuc6k64usEg|Global Semiconductor Foundry Market Landscape And|Video embedded Read Full Report With TOC Here@ http://www.researchbeam.com/global-semiconductor-foundry-2015-2019-market Report
20150618|http://www.youtube.com/watch?v=XLJB08w-CI8|상반기 최고의 특허기술 '디스플레이 구동 칩' / YTN|Semiconductor MagnaChip 40 views. 6:57 [97화 본방] 폭력으로 얼룩진 '강제집행'…누가 권한을 줬나? / YTN
20150805|http://www.youtube.com/watch?v=TCelug8bhSA|Global Display Driver Integrated Circuit IC Market 2015|Video embedded A display driver is a semiconductor integrated circuit that acts as an interface between microprocessors and LCDs to control display
20150820|http://www.prnewswire.com/news-releases/magnachip-appoints-gary-tanner-as-director-300131058.html|MagnaChip Appoints Gary Tanner as Director - PR|, 06:00 ET from MagnaChip Semiconductor Corporation "We are delighted to appoint Gary Tanner to MagnaChip's Board of Directors," said Doug Norby
20151007|https://www.semiwiki.com/forum/f141/symica-pdk-6410.html|Symica PDK - SemiWiki|Semiconductors, Semiconductor Design, Semiconductor manufacturing, Semiconductor IP, EDA Software, FPGA, SoCs, IoT, Internet of Things, Mobile
20151012|http://www.badcaps.net/forum/showthread.php?p=597598|spectre x322bv-hd model x32 led backlights bad? - Page|spectre x322bv-hd model x32 led backlights bad? Troubleshooting TVs and Video Sources
20151024|http://www.cnet.com/uk/news/camera-pill-offers-view-from-the-inside/|Camera pill offers view from the inside - CNET|Eat MagnaChip Semiconductor's camera and get 50,000 pictures of your intestinal tract.
20151112|http://www.cnet.com/uk/news/camera-pill-offers-view-from-the-inside/|Camera pill offers view from the inside - CNET|Eat MagnaChip Semiconductor's camera and get 50,000 pictures of your intestinal tract.
20151115|http://forum.eserviceinfo.com/viewtopic.php?p=302331|Schematic for LG 40UB800v Ultra HD smart TV - boom.bg|Korean Magnachip and Japanese Sanken(like many other) happen to be somewhat difficult searches. With Sanken, from past experience,
20160202|http://www.trojaner-board.de/175261-typosquatting-yyoutube-malware-befall-lenovo-yoga-2-tablet-win10-firefox.html|Typosquatting yyoutube - Malware-Befall? (Lenovo|Wir loesen das Problem Hallo zusammen Per Tablet ist es schnell passiert: Tippfehler in der URL. Heute Morgen habe ich versehentlich yyoutube
20160330|https://findbiometrics.com/topics/zkteco/|ZKTeco - FindBiometrics|ELAN Microelectronics Partners With MagnaChip For Biometric Smart Cards; UK Construction Firm BAM Western Chooses Biometrics Partner;
20160407|https://foro.profesionalreview.com/tarjetas-graficas/353-review-amd-rx-480-javisoft.html|Review AMD RX 480 By Javisoft - Profesional Review|http://www.magnachip.com/userfiles/P...ns/MDU1514.pdf Vista la tarjeta, nos queda la parte mas divertida y la que realmente queremos ver,
20160524|http://www.badcaps.net/forum/showthread.php?t=54520|Sanyo LCDTV FVM5082 - Powers on, Video displayed,|Sanyo LCDTV FVM5082 - Powers on, Video displayed, but no backlights. Troubleshooting TVs and Video Sources
20160629|http://www.edaboard.com/thread356442.html|[MOVED] magnachip 60R360p MOSFET equivalent|I want equivalent MOSFET for 60R360p ,it is used in samsung LED 32 inch tv.the power supply board MOSFET failure by lighting . i am from kerala ,in my
20160701|https://thinkpad-forum.de/threads/194236-Yoga-2-8-Windows-7-8-10-Neuinstallation-bzw-Android-als-Dualboot|Yoga 2-8: Windows 7/8/10 Neuinstallation bzw. Android|MagnaChip digital Hall sensor; Es wird zudem keine Soundkarte angezeigt. Damit man eine Soundkarte hat muss man den Treiber für den Chipsatz
20160705|https://forums.anandtech.com/threads/sapphire-rx-480-4gb-teardown-with-8gb-surprise.2479264/|Sapphire RX 480 4GB Teardown - With 8GB Surprise|Sapphire RX 480 4GB Teardown - With 8GB Surprise! Discussion in 'Video Cards and Graphics' started by IEC, Jul 4, ... The MOSFETs are these ones, from Magnachip.
20160707|http://extreme.pcgameshardware.de/news-kommentare-zu-grafikkarten/445129-geforce-gtx-1060-offiziell-am-19-juli-ab-249-us-dollar-test-folgt-18.html|Geforce GTX 1060 offiziell: Am 19. Juli ab 249 US-Dollar|Zitat von wtfNow 1920x1200, alles auf max bis auf Hairworks. Im/am Wald mit vielen Büschen ist praktisch das worst case, sonst habe ich meistens über
20160802|https://www.badcaps.net/forum/showthread.php?t=53817|eax64905001 No Pfc Help ? - Badcaps Forums|eax64905001 No Pfc Help ? Troubleshooting TVs and Video Sources
20160805|http://www.youtube.com/watch?v=Cbov8Gr0veU|ARRY, CWEI, ERII, EXEL - Harry Boxer,|Video embedded 8/4/16 - www.TheTechTrader.com - The markets had a difficult day on Thursday, but some of the stocks we follow did well. A lot of low
20161102|http://www.youtube.com/watch?v=LwAjBHE69Vg|Introducing MXsensor™ family - YouTube|Video embedded MagnaChip Semiconductor Corporation at the NYSE - Duration: 0:52. NYSE 310 views. 0:52. Hynix 반도체제조공정KOR - Duration: 4:38.
20161208|http://www.jonnyguru.com/forums/showthread.php?t=13857|More PSU's up for question - jonnyGURU Forums|More PSU's up for question PC Power Supply Discussion ... I checked the components all chips are from magnachip and are what is rated on the label.
20170315|http://www.badcaps.net/forum/showthread.php?p=733418|eax64905001 No Pfc Help ? - Page 4 - Badcaps Forums|eax64905001 No Pfc Help ? Troubleshooting TVs and Video Sources
20170401|http://www.badcaps.net/forum/showthread.php?s=6b01bff5f06cf5665484a3b12425ed6e&p=737716|LG 32LN520B TV power up problem help requested|file:///C:/Users/EMINEN~1/AppData/Local/Temp/MAP3202-MagnaChip.pdf Pin 1 EN is high 3V so yes it is enabled
20170424|https://www.investing.com/equities/magnachip-semiconductor-corp-commentary|MagnaChip (MX) Stock Forums - Investing.com|Frequency. Recurring Once. Follow MagnaChip's earnings. For all future releases Just for the upcoming release Send me a reminder 1 trading day before
20170716|http://www.badcaps.net/forum/showthread.php?p=757902|Semiconductor manufacturers logos - Badcaps Forums|the MagnaChip one needs removed; the name is in plaintext _____ Don't buy those $10 PSU specials. They fail, and they
20170717|https://findbiometrics.com/elan-microelectronics-biometric-smart-cards-407175/|ELAN Microelectronics Partners With MagnaChip For|ELAN Microelectronics has selected South Korea-based MagnaChip Semiconductor as its new foundry partner for the production
20170717|http://it.tmcnet.com/news/2017/07/17/8579756.htm|MagnaChip Selected as Foundry Partner by ELAN|MagnaChip Selected as Foundry Partner by ELAN Microelectronics For World's First Fingerprint Sensor IC-Based Smartcard. SEOUL, South Korea and SAN
20170718|http://www.insidermonkey.com/blog/13d-filing-engaged-capital-and-magnachip-semiconductor-corp-mx-2-591012/|13D Filing: Engaged Capital and Magnachip|the filing person has previously filed a statement on Schedule 13G to report the acquisition that is the subject of this Schedule 13D, and is
20170718|https://seekingalpha.com/article/4088523-look-twice-buying-magnachip|Look Twice Before Buying MagnaChip - MagnaChip|Introduction: MagnaChip Semiconductor Corporation has a major problem. Before investors jump in, they should understand MagnaChip
20170719|http://it.tmcnet.com/news/2017/07/19/8581573.htm|Global Semiconductor Foundry Market 2017-2021 - Key|MagnaChip Semiconductor Powerchip Technology STMicroelectronics (News - Alert) TowerJazz Vanguard International Semiconductor Corporation
20170720|http://www.insidermonkey.com/blog/13d-filing-jana-partners-and-whole-foods-market-inc-wfm-2-591230/|13D Filing: JANA Partners and Whole Foods Market Inc|If the filing person has previously filed a statement on Schedule 13G to report the acquisition that is the subject of this Schedule 13D, and is filing
20170720|http://technews.tmcnet.com/news/2017/07/20/8582456.htm|Global BCD Power IC Market to Grow at a CAGR of|MagnaChip Tower Semiconductor United Microelectronics; Key Topics Covered: PART 01: Executive summary PART 02: Scope of the report PART 03:
20170723|http://hoyentv.com/2017/07/23/the-exact-sciences-corporation-exas-receives-consensus.html|The Exact Sciences Corporation (EXAS) Receives|News coverage about MagnaChip Semiconductor Corporation (NYSE:MX) has trended somewhat positive recently, according to Accern.
20170723|http://nolopodrasdejardever.com/2017/07/shelton-capital-management-decreases-stake-in-slm/|Shelton Capital Management Decreases Stake in SLM|MagnaChip Semiconductor Corporation has 0 buy ratings, 1 holds and 0 sells even after the stock tumbled -2.58% from its high of $11.65 to a $381.93