20140102|http://www.neogaf.com/forum/showthread.php?t=744184|Let's clear up the reason for Squaresoft's "demise" and|Let's clear up the reason for Squaresoft's demise and why Square and Enix merged Gaming Discussion
20140106|http://www.youtube.com/watch?v=k218pvIICxo|ペーパレス会議システム【モバイル会議II】の商品|L.SQUARE inc. 231 views. 2:44. ホワイトボード共有機能【Web会議システム：POWER LIVE】 - Duration:
20140106|http://www.skyscrapercity.com/showthread.php?t=1175839&page=76|Trinity Square (inc. Tesco)Gateshead46m13fl|Page 76- Trinity Square (inc. Tesco)Gateshead46m13flCompleted Completed Projects
20140107|http://claycotalk.proboards.com/thread/43/church-news?page=2|Church News.....ClayLive.com|Jones is chairman of Four Square, Inc., ... Post by Church News on May 16, 2012 15:52:25 GMT -5. Christian rock band from Manchester will perform at
20140118|http://www.youtube.com/watch?v=fo6GNE5c6cU|株式会社ディスカバリー・オープニング - YouTube|L.SQUARE inc. 16,006 views. 1:10 【花見対談】ネットビジネスにおいて、行動する人と、行動しない人の違い
20140120|http://www.youtube.com/watch?v=FNOVuXZ46ho|モーションタイポグラフィー「奇跡」 - YouTube|L.SQUARE inc. 16,062 views. 1:10. モーションタイポグラフィ『雨』／ Kinetic typography (Kanji Animation)
20140129|http://www.youtube.com/watch?v=k5mHATDMWrs|Inside the Mind of a Venture Capitalist with Jim McKelvey|Video embedded Inside the Mind of a Venture Capitalist with Jim McKelvey, MD, SixThirty, a Fintech Accelerator ... Square Inc. Co-founder,
20140205|http://www.youtube.com/watch?v=hhhP7DPLIzA|Shaiya Haven Assassin JeSs - YouTube|Video embedded Sign Up Here : http://share.payoneer-affiliates.com/... Have you checked out Payoneer? Get paid directly to your very own Payoneer Prepaid
20140206|http://www.youtube.com/watch?v=5oh7Tnk7vlI|【お客様の声】Web制作会社：株式会社スタジオカレン|Video embedded 弊社にご依頼頂いているお客様からの、弊社サービスへのご意見、ご感想をご紹介させて頂きます。 株式会社
20140212|http://www.skyscrapercity.com/showthread.php?t=1175839&page=79|Trinity Square (inc. Tesco)Gateshead46m13fl|Page 79- Trinity Square (inc. Tesco)Gateshead46m13flCompleted Completed Projects
20140214|http://www.rcuniverse.com/forum/batteries-chargers-84/11275133-new-roc-lipo-batteries.html|New ROC LiPo Batteries - RCU Forums - rcuniverse.com|New ROC LiPo batteries... or at least they are new to me. Has anyone heard of ROC LiPo's before? I'm hearing from my LHS that they are a pretty good
20140214|http://www.skyscrapercity.com/showthread.php?t=1175839&page=80|Trinity Square (inc. Tesco)Gateshead46m13fl|Page 80- Trinity Square (inc. Tesco)Gateshead46m13flCompleted Completed Projects
20140216|http://www.youtube.com/watch?v=V7V057gq1EI|タイでの調査・マーケティング・WEB制作会社「モノク|L.SQUARE inc. 412 views. 1:25. 世界を変える情熱。 / 会社紹介映像 - Duration: 6:37. Marubeni Brand
20140218|http://www.youtube.com/watch?v=GskRSUe7TR4|Jet Press 720 導入事例 - （株）共栄メディア様／富|L.SQUARE inc. 122 views. ... Standard YouTube License; Show more Show less. Comments are disabled for
20140220|http://www.mobinuke.com/showthread.php?873709-Automaton-Locker-%28Full%29-v4-00|www.mobinuke.com|www.mobinuke.com ... Mobi NUKE
20140221|http://www.youtube.com/watch?v=oDGMRYC0oE0|国際イベント告知ムービー - YouTube|Video embedded L.SQUARE inc. 16,006 views. 1:10. 関西学生団体Libera 『Libera First Event (2013/10/19)』 - Duration: 2:01. リベラ Libera 1,033 views.
20140221|http://www.youtube.com/watch?v=CwTdBwIZ-h4|How to make a chocolate biscuit cake. Easy and|How to make a chocolate biscuit cake. Easy and fast!! No-bake!! Optional: Use milk chocolate instead of
20140302|http://www.youtube.com/watch?v=uafbNtmPLvI|株式会社マーシャルホーム テレビCM - YouTube|Video embedded L.SQUARE inc. 442 views. 2:33 「ブルーファミリア2013年」 ゲスト：シルベストレ・バルガス - Duration: 5:51. naka0815 62 views.
20140304|http://www.youtube.com/watch?v=i3Bq7RQ3b84|STL TV LIVE: Perennial (2 of 2) - YouTube|STL TV LIVE - Perennial - 2 of 2 HOST: Sarah Thompson SHOW DATE: 03/4/14 Segment 1 SCRIPT
20140311|http://www.youtube.com/watch?v=jo4Mldz2lmg|payneteasy com magstripe reader - YouTube|Video embedded payneteasy com magstripe reader PaynetEasy. Loading... Unsubscribe from PaynetEasy? Cancel Unsubscribe. Working ... SQUARE INC
20140321|http://www.youtube.com/watch?v=qdTtbc2-zeU|Chapter 12 Accepting Credit Cards - YouTube|Video embedded Chapter 12 Accepting Credit Cards Yellow Cab of Charleston. ... SQUARE INC. FRAUD!!! - Duration: 11:28. chuck miller 3,652 views.
20140403|http://www.skyscrapercity.com/showthread.php?t=1175839&page=83|Trinity Square (inc. Tesco)Gateshead46m13fl|Page 83- Trinity Square (inc. Tesco)Gateshead46m13flCompleted Completed Projects
20140403|http://www.youtube.com/watch?v=Djc00QR3G8M|新横浜デザインスクエア2 - YouTube|Video embedded デザインとは人と人との心をつなぐお仕事です。 ひとつひとつのお仕事に「こころ」を加えてお届けしたい。 それ
20140406|http://www.skyscrapercity.com/showthread.php?t=1175839&page=84|Trinity Square (inc. Tesco)Gateshead46m13fl|Page 84- Trinity Square (inc. Tesco)Gateshead46m13flCompleted Completed Projects
20140415|https://social.technet.microsoft.com/Forums/en-US/e1996cac-3e03-4faf-989d-ee80a5a56de7/lync-2013-dns-records?forum=lyncdeploy|Lync 2013 DNS records - social.technet.microsoft.com|Lync 2013 DNS records. Lync ServerLync Server 2013 - Management, Planning, and Deployment. ... Adam Curry, UC Consultant, Unify Square Inc. (Blog
20140415|https://social.technet.microsoft.com/Forums/lync/en-US/e1996cac-3e03-4faf-989d-ee80a5a56de7/lync-2013-dns-records?forum=lyncdeploy|Lync 2013 DNS records - social.technet.microsoft.com|Lync 2013 DNS records. Lync ServerLync Server 2013 - Management, Planning, and Deployment. ... Adam Curry, UC Consultant, Unify Square Inc. (Blog
20140427|http://www.youtube.com/watch?v=LPJbedcD7k4|Top Corporate Leader Award 2014 - YouTube|Top Corporate Leader Award 2014 As an Asia regional most influenced, ... Datuk Dr. Hazizi Ikhwan Executive Chairman of GPLF Ventures Square Inc
20140430|http://www.youtube.com/watch?v=brQERBbaOC0|CAM02007 - YouTube|Video embedded Reckless driver AC Square Inc. Telecommunications Contractor http://www.acsquare.com/ At approximately 11:35 am 04/29/2014 I was
20140430|https://www.apabasv.com/officers-list|Officers List — APABA Silicon Valley|Asian Pacific American Bar Association of Silicon Valley is a forum for Asian Pacific American attorneys in the Silicon Valley to network, develop
20140430|http://www.youtube.com/watch?v=mLGWCFM7JjI|イベントオープニングVTR サンプル - YouTube|L.SQUARE inc. 16,062 views. 1:10. 企業PV 『さとう企画事務所』VTR サンプル - Duration: 0:19.
20140501|https://eltony1.wordpress.com/|Eltony1Delivering the hottest topics, at the cool click|Eltony1 Delivering the hottest topics, ... Then Square Inc., invented by the co-founder of twitter Jack Dorsey gained a lot of popularity.
20140507|http://www.youtube.com/watch?v=i0d2BXb2wF8|Breaking Down Square Deposit - YouTube|Breaking Down Square Deposit Rob Putman. Loading... Unsubscribe from Rob Putman? Cancel Unsubscribe. Working ... SQUARE INC
20140509|http://www.youtube.com/watch?v=J0R2mpnHQRY|Victory Day parade on Moscow's Red Square 2014|Victory Day is one of the most important holidays for Russia, as it marks the capitulation of Nazi Germany to the
20140520|http://www.youtube.com/watch?v=sRWv__DVhQE|Jim McKelvey: Square Inc. Co-founder,|Square, Inc. co-founder Jim McKelvey visted both Cape Chronicle and students at Southeast Missouri
20140522|http://www.youtube.com/watch?v=ltdrVnHOwxM|LaunchCode Final Project - YouTube|Video embedded LaunchCode Final Project Micah Baize. Loading ... Jim McKelvey: Square Inc. Co-founder, LaunchCode, on Cape Chronicle - Duration:
20140529|http://www.youtube.com/watch?v=QjEkenUSDws|What`s a square inch? Or a square foot? - YouTube|How is an inch square when it is a straight line on a ruler? Concept and conversions explained, length and
20140529|http://www.youtube.com/watch?v=PS-4VZi750s|Infinum Android Talks #05 - Square tape, UI|Video embedded Infinum Android Talks #05 - Square tape, UI optimization, DbInspector, Android Labs notifier, OnS... Infinum. Loading
20140603|http://www.youtube.com/watch?v=O-AXoI2ZTUo|実績豊富な営業代行 事例 WEB制作会社 レスポンシブ パ|Video embedded L.SQUARE inc. 517 views. 7:12. 堀江貴文のQA vol.416〜web制作には価値がない！？〜 - Duration: 4:59.
20140611|http://www.skyscrapercity.com/showthread.php?p=114457188|Trinity Square (inc. Tesco)Gateshead46m13fl|The sweet shop that closed has paper over the inside of the windows now. Maybe somebody is getting it ready to open it as something else? _____
20140612|http://www.youtube.com/watch?v=jQ8LA0BVv18|2014 4th week of May - INTERNATIONAL|Ross Financials escrow services rossfinancials.com Ross Financials #646 North Presa Street,San Antonio TX, ... SQUARE INC
20140622|http://www.skyscrapercity.com/showthread.php?t=1175839&page=87|Trinity Square (inc. Tesco)Gateshead46m13fl|Page 87- Trinity Square (inc. Tesco)Gateshead46m13flCompleted Completed Projects
20140623|http://www.youtube.com/watch?v=Ik4oaFTG318|Tomas Löfwander introducing poster at|Tomas Löfwander introducing poster at Graphene Week Graphene Flagship. ... Graphene Square Inc
20140623|http://www.youtube.com/watch?v=vpD5UG-tFsY|Square's Machine Learning Infrastructure and|Machine learning applications like fraud detection and recommendation have played a key role in
20140624|http://www.youtube.com/watch?v=Qez03q6mJ-8|Graphene Square Inc. introduction at Graphene|Graphene Square was founded upon the university-industry cooperation with Graphene Research Lab
20140624|http://www.youtube.com/watch?v=N95lJRLwLgg|Herre van der Zant, leader of WP7 - sensors - YouTube|Video embedded Herre van der Zant, leader of WP7 - sensors. Here he is interviewed at Graphene Week 2014.
20140625|http://www.youtube.com/watch?v=poldr7xgOlg|Tony Heinz about his presentation at Graphene Week|Video embedded Tony Heinz about his presentation at Graphene Week 2014. Tony Heinz about his presentation at Graphene Week 2014. ... Graphene Square Inc
20140625|http://www.youtube.com/watch?v=p8K018SD-0Q|Philip Willke at the poster session - YouTube|Video embedded Philip Willke at the poster session of Graphene Week 2014. The poster is about Electronic and Transport Properties of Epitaxial
20140626|http://www.youtube.com/watch?v=w_07e4p6tok|Di Wei from Nokia Research - YouTube|Di Wei from Nokia Research, talking about graphene for energy solutions
20140708|http://www.youtube.com/watch?v=_W5LTUELAEY|三つの商品紹介！ - YouTube|Video embedded L.SQUARE inc. 281 views. 0:31. Loading more suggestions... Show more. Language: English Content location: United States
20140708|http://www.youtube.com/watch?v=yEv9o-oRUi8|評判 イベントの観客を映像で盛り上げる 株式会|L.SQUARE inc. 412 views. 1:25. 学祭ed 完成 - Duration: 3:23. Ryo Funamoto 2,002 views. 3:23. H27 佐世保
20140709|http://www.youtube.com/watch?v=vGci5Jx6WGY|[How to Change Your Business Online] - YouTube|How to Change Your #business online. 1-520-867-2530 xceptionalmarketingsolutions.com NY Times Best Selling Author, Filmmaker, ... Square, Inc
20140711|http://www.youtube.com/watch?v=IcLmV42ilZ8|オープニングムービー No.1 【Re.デザイン有限責任事業組|Video embedded L.SQUARE inc. 16,062 views. 1:10 【ADOBE LIVE Best of MAX 2015】BREAKOUT SESSIONS Photo-4 - Duration: 42:41. Re.
20140713|http://www.youtube.com/watch?v=ovHCZsGCHn4|【踊ってみた】木村由姫 LoveJoy【歌舞伎町の妖精か|Video embedded http://www.kabukichi.square-inc.co.jp/ 歌舞伎町の妖精「かぶきち」がどうしても踊りたいというので撮りました。
20140713|http://www.gaiaonline.com/profiles/alexrose1/7700139/|Viewing Alexrose1's profileProfiles v2Gaia Online|Loveless (Interpreted) (all credit goes to Square inc.) LOVELESS ( INTERPRETED ) Loveless
20140714|http://www.youtube.com/watch?v=SmK3HSqPxV4|KOCCA's Game of the Month_ KOCCA 2014년|Video embedded The voted excellent games in 2nd quarter of 2014 were Blade for Kakao(Action Square inc), 'Fight!Table Tennis'(Bridea inc), Icarus (Wemade
20140714|https://www.playstationtrophies.org/forum/batman-arkham-city/197327-batman-game-harder-platinum-5.html|Which Batman game is harder to platinum? - Page 5|Arkham City. The in-game Riddler challenges are tricky and long, and there are many more combat challenges compared to Asylum. The story is also short
20140715|http://www.youtube.com/watch?v=1YAfcqLOemM|映像制作会社ボーダーレス WEBサイト・トップページムー|Video embedded L.SQUARE inc. 200 views. 0:42. gooya CREATOR'S HUB - Duration: 0:14. otoriyose21 47 views. 0:14. 映像制作会社 クオリア - Duration: 0:11.
20140716|https://social.technet.microsoft.com/Forums/en-US/22f65e31-5230-43d9-a2ac-814591a8d65d/unable-to-dial-out-though-lync?forum=ocsinterop|Unable to dial out though Lync|Unable to dial out though Lync. Lync Server , ... Adam Curry, UC Consultant, Unify Square Inc. (Blog, Twitter) Looking for Lync User Groups in your area?
20140716|https://social.technet.microsoft.com/Forums/lync/en-US/22f65e31-5230-43d9-a2ac-814591a8d65d/unable-to-dial-out-though-lync?forum=ocsinterop|Unable to dial out though Lync|Unable to dial out though Lync. Lync Server , ... Adam Curry, UC Consultant, Unify Square Inc. (Blog, Twitter) Looking for Lync User Groups in your area?
20140718|http://www.youtube.com/watch?v=EejwjJdsXqM|【動画秘書制作し放題プラン】※お客様より撮影素材ご提|Video embedded L.SQUARE inc. 231 views. 2:44. アッシュコンセプト 商品紹介ムービー（6種） - Duration: 5:18. elephant design 933 views. 5:18.
20140720|http://www.youtube.com/watch?v=kLDYS241hvg|[ 2014/07/19 Sat] WISH 35th 2年イベント OP映像(前半)|Video embedded 今回の映像の後半はやっぴー、ひらぺに任せて作らせていただきました。二人ともありがとう! 自分の担当した部分
20140722|http://www.youtube.com/watch?v=9PrtalkS3ik|【踊ってみた】CLUB PRINCE / LOVEドッきゅん【かぶきち|Video embedded http://www.kabukichi.square-inc.co.jp/ Category Entertainment; License Standard YouTube License; Music
20140723|http://www.youtube.com/watch?v=x_vzmqtVRi8|【踊ってみた】ゴールデンボンバー／女々しくて【か|歌舞伎町の妖精「かぶきち」がどうしても踊りたいというので撮りました。 HPあります♪ http://www.kabukichi.square-inc
20140724|http://www.youtube.com/watch?v=jsLP05kEgu8|Vol.3 すまい給付金制度の考え方について - YouTube|L.SQUARE inc. 16,062 views. 1:10. Vol.11 対象住宅等の要件について[新築住宅・中古住宅] - Duration: 4:05.
20140728|http://www.youtube.com/watch?v=szMXQVLzlY4|【踊ってみた】プリキュアエンディング「この空の向こう」|Video embedded HPあります！ http://www.kabukichi.square-inc.co.jp/ ☆☆☆ コラボお手伝い中♪ ☆☆☆ http://www.joyn
20140730|http://www.youtube.com/watch?v=da0mX1vbUAM|Drunk Driving VS Sober Ride - YouTube|Video embedded Driving Simulator Demonstration - Drive Square Inc. - Duration: 1:52. Drive Square 54,183 views. 1:52. Partying Sober vs Drunk - Duration:
20140804|http://www.youtube.com/watch?v=CnF1Ez9a4Vo|【フリー楽曲】イベントオープニング用BGM_10|L.SQUARE inc. 5,579 views. 2:21. 個人的ディズニー音楽ベスト60 - Duration: 32:30. 101940821713 1,473,828
20140808|http://www.youtube.com/watch?v=djNtEygUe6I|Payoneer Sign Up Application (Step by Step|Payoneer Sign Up Application (Step by Step Regisration and Get Free Master Card) ... Square Inc Stripe
20140813|http://www.skyscrapercity.com/showthread.php?t=1175839&page=89|Trinity Square (inc. Tesco)Gateshead46m13fl|Page 89- Trinity Square (inc. Tesco)Gateshead46m13flCompleted Completed Projects
20140815|http://www.youtube.com/watch?v=jasdmQqHdjs|Sully Highlands Park - Fairfax County Park|Western Fairfax County now offers state-of-the-art athletic facilities with the official opening of Sully Highlands Park ... Square, Inc
20140825|http://www.youtube.com/watch?v=3PJK8OG5EL8|ハッピー ウェディング ムービーズ 結婚式ビデオ「オープニ|Video embedded 結婚式を素敵な演出にするビデオの制作。 映像デザインにこだわった素敵なものをご用意しています。 http://www
20140827|http://www.youtube.com/watch?v=wBza4l2vXEU|【踊ってみた】ラブライブ！「START:DASH!!」【歌|http://www.kabukichi.square-inc.co.jp/ ☆☆☆ コラボお手伝い中♪ ☆☆☆ http://www.joynavi.jp/ Skip navigation
20140829|http://www.youtube.com/watch?v=-KhylI8kdFw|Constitution Quest m4v - YouTube|Video embedded Three, inter-generational families played the Constitution Quest Game together to provide footage for this 90 second clip. www.ConstitutionQuest
20140901|http://www.youtube.com/watch?v=-V-twMifIZg|David Heffelfinger Talking on Java EE @ NetBeans Day|Video embedded During NetBeans Day 2014, popular author David Heffelfinger will speak about Java EE and NetBeans. With Mark Heckler, he will
20140903|http://www.youtube.com/watch?v=pqcS6uKf0bw|inspection - YouTube|Video embedded What to look for during a foundation inspection
20140910|http://www.youtube.com/watch?v=pN1Cd63VUlQ|King Wing DE Reflector - DL Wholesale - YouTube|Discover our new King Wing DE Reflector. ...Higher luminosity levels per square incCorrosion resistant
20140910|http://www.youtube.com/watch?v=wRXt_63pS3E|【踊ってみた】ハートキャッチプリキュア【歌舞伎町の妖精|Video embedded http://www.kabukichi.square-inc.co.jp/ ☆☆☆ コラボお手伝い中♪ ☆☆☆ http://www.joynavi.jp/ Skip navigation
20140923|http://www.youtube.com/watch?v=jd7ff_50Q9U|キミの世界は変わる。- Memory Festa 2014 - オープニン|Video embedded L.SQUARE inc. 5,570 views. 2:21 「ドラマフェスタ2015」オープニングムービー - Duration: 0:35. dramastore official 1,466 views. 0:35.
20140923|http://www.youtube.com/watch?v=Tx2rw0XbqgU|[EDITED] NEWS: PayPal, Square, Apple, Reddit, China|Video embedded [EDITED] NEWS: PayPal, Square, Apple, Reddit, China App Store, Blockchain Marriage Follow The Coin. Loading ... SQUARE INC.
20140925|http://www.martialtalk.com/threads/credit-card-machine.80644/|Credit Card Machine ?MartialTalk.Com - Friendly|Hello Just need some help since this is a new topic to me. I don't have any credit card machines currently and seen some Wireless Credit Card Machine
20140926|http://www.youtube.com/watch?v=njqYtXVxOK8|Square, Inc. - YouTube|Square, Inc. is a financial services, merchant services aggregator and mobile payments company based in
20141001|http://www.youtube.com/watch?v=CtIRd13ZhDU|Copy of 2013 Lebron James NBA player And Calvin|Video embedded Sign Up Here : http://share.payoneer-affiliates.com/... Have you checked out Payoneer? Get paid directly to your very own Payoneer Prepaid
20141005|https://uberpeople.net/threads/new-e-delivery-service-sends-groceries-right-to-the-trunk-of-your-car.4613/|New e-delivery service sends groceries right to the|How it would work is that a customer, via an online store, places a purchase then chooses the car as the delivery point. Then the transportation
20141007|http://www.chinasmile.net/forums/showthread.php?t=607926|请教哪个公司的手机刷卡服务好用? - 华枫论坛|华枫论坛主题论坛创业者俱乐部: 请教哪个公司的手机刷卡服务好用?
20141008|http://www.youtube.com/watch?v=2CW2cm6jajM|Cards & Payments Asia 2014: Jim McKelvey, Co founder|Video embedded Jim McKelvey shares his key objectives as a keynote speaker at CardsPayments Asia 2014
20141012|http://www.youtube.com/watch?v=ylubPl1ZaDs|Warsjawa 2014 - Przydatne biblioteki dla|Warsjawa 2014 - Przydatne biblioteki dla Androida od Square - Cz. 1 ... Opisuje kilka bibliotek od Square Inc
20141021|http://www.youtube.com/watch?v=CZ5VPBQi93M|Square card reader review - YouTube|My experience with square, I did two transactions and they deactivated my account and are holding $1400 of MY
20141023|http://www.youtube.com/watch?v=WewK-lXKkr8|cash payment and refund - YouTube|cash payment and refund jessnate28. Loading... Unsubscribe from jessnate28? ... SQUARE INC.
20141025|http://www.youtube.com/watch?v=e0JtPBOsv2k|Howard Schultz - YouTube|Video embedded Howard D. Schultz (born July 19, 1953 ... He was a member of the Board of Directors at Square, Inc.. In 1998, Schultz co ... Howard Schultz
20141106|http://www.youtube.com/watch?v=mJKSiWTapJs|edX CEO Anant Agarwal and Square and Launch|Interview with edX CEO Anant AgarwalSquare Co-founder and Launch Code Co-founder Jim McKelvey
20141110|http://www.skyscrapercity.com/showthread.php?t=1175839&page=93|Trinity Square (inc. Tesco)Gateshead46m13fl|Page 93- Trinity Square (inc. Tesco)Gateshead46m13flCompleted Completed Projects
20141114|http://www.youtube.com/watch?v=AWF6mFAznEU|TEAM NBオープニングムービー - YouTube|Video embedded 前回はこちらの不手際により参加者数の把握ができないままイベントを進行してしまった事 お詫び申し上げます
20141117|http://www.youtube.com/watch?v=RwZwR2S4ASA|How to issue a refund using Square Register on a|SQUARE INC. FRAUD!!! - Duration: 11:28. chuck miller 3,890 views. 11:28. Square Register on an Iphone
20141123|https://answers.yahoo.com/question/index?qid=20141123223828AAAhsge|square inc ipo?Yahoo Answers|How much do you think the their ipo price will start at? I know they dont really have a timetable for going public, I'm just trying to anticipate.
20141223|http://www.youtube.com/watch?v=kT90aOgaQeg|リボーンアワード2014 オープニングムービー|L.SQUARE inc. 16,062 views. 1:10. 情熱大陸風！オープニング！ムービー作成！④イベント告知バージョン
20141228|http://www.youtube.com/watch?v=AZJHDYQNH4s|Square Cash 5$ money APP! Is it a SCAM? - YouTube|Square cash is a new app that you can get 5$ for downloading and referring friends. Find out what all the
20141229|http://www.youtube.com/watch?v=YbNGoH5RgZ4|Square Cash - YouTube|SQUARE INC. FRAUD!!! - Duration: 11:28. chuck miller 3,890 views. 11:28. Square Cash App Review and
20141229|http://www.youtube.com/watch?v=tpN0iv_4NTQ|Money App Square Cash - Walt Mossberg Review PROOF|Video embedded Money App Square Cash - Walt Mossberg Review PROOF ...SQUARE INC. ... Money App Square CashWalt Mossberg Review
20141230|http://www.youtube.com/watch?v=eizYM_Vjh1o|What is SquareSquare Cash ScamSquare Cash|What is SquareSquare Cash ScamSquare Cash Reviews What is Square. What is Square Cash. Square Cash Scam. Square Cash Reviews
20150103|http://www.youtube.com/watch?v=Hd3-431cbbw|Money App Square CashWalt Mossberg Review|Money App Square CashWalt Mossberg Review - rosee divine Carl Greene. ...SQUARE INC.
20150106|http://www.youtube.com/watch?v=OaIbTuGa26c|Case Analysis - Hip to be Square - YouTube|Case Analysis of Square Inc. completed by Joe McLean and Matthew Fleming. 1/6/15
20150114|http://www.skyscrapercity.com/showthread.php?t=1175839&page=94|Trinity Square (inc. Tesco)Gateshead46m13fl|Page 94- Trinity Square (inc. Tesco)Gateshead46m13flCompleted Completed Projects
20150119|http://www.youtube.com/watch?v=RZgTfaiDAR0|Tomb Raider/ Lara Croft (Nobody Home) - YouTube|Video embedded A tribute video i made for one of the best games I've played and to such an amazing character as Lara Croft. *Spoilers btw if you didn't
20150120|http://www.youtube.com/watch?v=NQzuRddDS6w|営業 差別化 戦略 WEB制作会社事例 強み 実績 株式会社|Video embedded L.SQUARE inc. 517 views. 7:12. ホームページ制作会社マーケティングプラス リクルートサイト 求人動画 - Duration: 2:42.
20150121|https://nc4x4.com/forum/threads/00-xj-8-25-d30lp-moving-right-along.159603/page-10|00 xj 8.25/D30LP moving right alongPage 10NC4x4|It's also not a bad idea to add about 5 gallons of water to your tires. As the wheel spins it helps to balance. The added weight will get you more
20150122|http://www.skyscrapercity.com/showthread.php?t=980936&page=94|Gateshead Area - Developments - Page 94|Page 94- Gateshead Area - Developments Newcastle Metro Area
20150128|http://www.youtube.com/watch?v=iRgvGC9CsJU|AFRINET SUMMIT2 2014 - OLATUNDE SAMSON PRESENTATION|Video embedded www.afrinetsummit.com Olatunde Samson presentation at the Afrient Summit2 in Lagos, Nov 2014
20150131|http://www.youtube.com/watch?v=4FW1KqwGAsY|Square Register Card Reader FREE! - YouTube|Video embedded This is a handy little gadget made by Square, Inc. to accept credit card payments at ease and on the go! Check out the links below. Watch
20150206|http://www.youtube.com/watch?v=lB46dzIUE2M|Solutions for Sagging Crawl Space Floors in|Solutions for Sagging Crawl Space Floors in South Florida : SmartJack™ by N Square, Inc. NSquare, Inc.
20150206|http://www.youtube.com/watch?v=D7CCGWXWMVo|Foundation Repair Services in South FloridaN|http://www.southernfloridafoundationrepair.com1-888-629-5088 Do you have any of these common home
20150208|http://www.youtube.com/watch?v=31g9elg2710|DSDS 2015, Feb 7 : Valedictory session :Vasudhaiva|Video embedded Vasudhaiva Kutumbakam, Interaction with Faith Leaders for a Sustainable Future An interactive session with various renowned leaders
20150209|http://www.youtube.com/watch?v=YlfsCWcdNzQ|Jim McKelvey - YouTube|Video embedded Standard YouTube License; Loading... ... Jim McKelvey: Square Inc. Co-founder, LaunchCode, on Cape Chronicle - Duration:
20150214|http://www.youtube.com/watch?v=-D7ITDELy-o|Square Cash Square - YouTube|Square Cash Square Greg Sheppard. Loading ... SQUARE INC. FRAUD!!! - Duration: 11:28. chuck miller
20150216|http://www.youtube.com/watch?v=S38W4lWwfdE|The LaunchCode Story - YouTube|The LaunchCode Story LaunchCode. Loading... ... Jim McKelvey: Square Inc. Co-founder, LaunchCode, on
20150222|http://www.youtube.com/watch?v=dA_H7UPjcJw|Mud Jacking Osceola FL - YouTube|Video embedded Mud Jacking Osceola FL Dolezar Construction. Loading... Unsubscribe from Dolezar Construction? ... PolyLEVEL™ by N Square, Inc
20150226|http://www.youtube.com/watch?v=fb8g4udwFas|Legality of Card Reader - YouTube|Video embedded Unsubscribe from THE OM LATESHOW? APC, PDP join suit to challenging usage
20150306|http://www.youtube.com/watch?v=hyJ4uzO67D0|Helical Pile Dynamic Testing - YouTube|Helical Pile Dynamic Testing Danbro Distributors LLC. Loading... ... FL by N Square, Inc.
20150316|https://swiftioscodetutorial.wordpress.com/|swiftioscodetutorialswift ios engine|retrofit Type-safe REST client for Android and Java by Square, Inc. https://github.com/square/retrofit;
20150317|http://www.youtube.com/watch?v=n6i55kZ3lEU|tm 0004 - YouTube|Video embedded L.SQUARE inc. 16,062 views. 1:10. tm 0018 - Duration: 0:21. Yasuhara Watoku 12 views. 0:21. tm 0016 - Duration: 0:16. Yasuhara
20150324|http://www.youtube.com/watch?v=V_SyL61K5L4|Problems with square up - YouTube|a couple months ago square up shut me down and after calling them got no resolve and square totally didnt
20150402|http://www.youtube.com/watch?v=jNfg9hbJQLU|Why Missing a Night of Sleep Can Damage Your IQ|Video embedded From Napoleon Bonaparte and Margaret Thatcher to Twitter founder and Square, Inc. CEO Jack Dorsey and Yahoo! CEO Marissa Mayer,
20150405|http://www.youtube.com/watch?v=VgfB7AYbdSY|テンプレート動画 0008 タイポグラフィー／TYPOGRAPHY|Video embedded L.SQUARE inc. 16,062 views. 1:10. タイポグラフィ - Duration: 0:58. crossbreed ayu 32,401 views. 0:58. Loading more suggestions... Show
20150416|http://www.youtube.com/watch?v=YkKq03YmSB4|Best Plotter Printer Repair (866) 620-2287 ... - YouTube|Video embedded Best Plotter Printer Repair (866) 620-2287 Service Naples FL KIPHP designjet ... FL by N Square, Inc. - Duration: 1:25. NSquare, Inc.
20150420|http://www.youtube.com/watch?v=_4F47m0_8EU|Oracle Card #5: Ruby the Morkie: Messages from the|Video embedded Ruby is the fourth subject for my newest project: a Dog Breed Oracle Deck - tentatively titled Messages from the Dogs. Ruby lives in
20150501|http://www.youtube.com/watch?v=N1Yg4dgA994|Introduction to Square One - YouTube|Square One: Saskatchewan’s Business Resource Centre, offers a variety of services to help the
20150502|http://www.youtube.com/watch?v=9vlpmecDrSg|東京の映像制作会社 医学知識を3Dのアニメに 20150502|Video embedded L.SQUARE inc. 517 views. 7:12 【中国1分間】中国からお金が流出 今年は48兆円強か 201503013 - Duration: 1:59. NTDTVJP 18,120 views.
20150508|http://www.youtube.com/watch?v=v8Drwa8FKvo|ISSUES: LaunchCodeMDC Offer Harvard Tech Course|Video embedded Tech aficionados from around the world descended upon Miami Beach this week for the second annual eMerge Americas conference. In
20150510|http://www.routerforums.com/lobby/66690-point-sale-software.html|Point of Sale Software - Router Forums|I am curious if any of you use any type of point of sale software for items you sell? If so, do any of you use Microsoft Excel to maintain records of
20150514|http://www.youtube.com/watch?v=yOxhm8nMIFo|San Francisco by car - YouTube|San Francisco by car heimatschutz. Loading ... Reddit, Square, Inc., Airbnb, Weebly, Pacific Gas and
20150515|http://www.skyscrapercity.com/showthread.php?t=1175839&page=96|Trinity Square (inc. Tesco)Gateshead46m13fl|Page 96- Trinity Square (inc. Tesco)Gateshead46m13flCompleted Completed Projects
20150519|https://talkdine.wordpress.com/2015/05/19/grubhub-looks-beyond-the-sit-down-restaurant-for-growth/|GrubHub Looks Beyond the Sit-Down Restaurant for Growth|GrubHub Looks Beyond the Sit-Down Restaurant for Growth. May 19, ... which San Francisco payment company Square Inc. bought last year.
20150521|http://www.youtube.com/watch?v=pe90ZsX5wE8|Helical Pier Installation in Naples, FL by N Square,|This video shows the process of driving a HP450 helical pile material into the ground at a job site in Naples, FL
20150526|http://www.ecommercebytes.com/forums/vbulletin/showthread.php?25316-Retail-Payments-The-Reality%2Fpage17|Retail Payments: The Reality ... - Page 17|~Retail Payments, The Reality.doc http://www.ecommercebytes.com/forums/vbulletin/showthread.php?25316
20150528|http://www.youtube.com/watch?v=rrQuKnACUBc|かぶきち、ホストクラブRCAでシャンパンコール【歌舞伎町|Video embedded http://www.kabukichi.square-inc.co.jp/ 撮影協力：歌舞伎町ホストクラブRCA
20150603|http://www.ukbusinessforums.co.uk/threads/credit-card-machine-for-takeaway.344045/|Credit Card Machine for TakeawayUK Business Forums|Credit Card Machine for Takeaway. Discussion in 'General Business Forum' started by sands1967, Jun 2, 2015. ... http://en.wikipedia.org/wiki/Square,_Inc.
20150609|http://www.youtube.com/watch?v=LwUvKRebA04|【Apple】WWDC2015 Keynote 基調講演ライブ オープニ|Video embedded L.SQUARE inc. 16,062 views. 1:10. 待望の第2弾！『ラブライブ！サンシャイン!! SECOND FAN BOOK
20150616|http://www.youtube.com/watch?v=u0D6GT48KUI|Account Settings Overview - YouTube|Adjust all of the settings that make your business run, directly from your Square Dashboard: bank account,
20150622|http://www.youtube.com/watch?v=NcEVo9VDmto|Luca Banszerus from Aachen University at the poster|Video embedded Luca Banszerus from Aachen University at the ... Luca Banszerus from Aachen University at the poster session of ... Graphene Square Inc
20150622|http://forums.wdwmagic.com/threads/bob-iger-at-wdw-now-bod-to-follow.900980/page-10|Bob Iger at WDW now ... BoD to Follow?Page 10|No. As usual you have it all wrong. If you had it right, then you might actually be contributing something to this thread, this discussion, this forum
20150623|http://www.youtube.com/watch?v=YRrQH1RKUIs|Michael Crommie from UC Berkely at Graphene|Michael Crommie from UC Berkely at Graphene Week 2015 Graphene Flagship. ... Graphene Square Inc
20150623|http://www.youtube.com/watch?v=6mB1mhScfPA|Signs of Foundation Problems and How to Fix Them N|Video embedded Signs of Foundation Problems and How to Fix Them N Square , Inc YouTube Sam Morgan. Loading... Unsubscribe from Sam Morgan?
20150624|http://www.youtube.com/watch?v=_-SmBRbdgQs|Kathryn Washburn from Pan European Networks at|Video embedded Kathryn Washburn from Pan European Networks at Graphene Week 2015. Kathryn Washburn from Pan European Networks at Graphene Week ... Graphene Square Inc
20150624|http://forums.wdwmagic.com/threads/bob-iger-at-wdw-now-bod-to-follow.900980/page-37|Bob Iger at WDW now ... BoD to Follow?Page 37|Laugh floor needs retired. The Laugh Floor is actually a decent show, it just has no business being in Tomorrowland.
20150625|http://www.youtube.com/watch?v=qEC_yS_rvec|Joe Younghoon Han from Graphene Square at the expo|Video embedded Joe Younghoon Han from Graphene Square at the expo of Graphene Week.
20150630|http://www.youtube.com/watch?v=7c2AwcVAIZM|www.youtube.com|Video embedded San Francisco (/sæn frənˈsɪskoʊ/), authoritatively the City and Region of San Francisco, is the social, business, and money related focus
20150714|http://www.youtube.com/watch?v=HNzYUFKnAhs|2015 KWC イベントオープニング動画 - YouTube|L.SQUARE inc. 15,966 views. 1:10 【KWC2014】JAPANオーディション 日本大会予選会：中部地区 ダイジェスト
20150720|http://www.youtube.com/watch?v=vnvRIJseYIg|Kowa 三次元マスク「粒子のタイポグラフィー」英玲|L.SQUARE inc. 16,150 views. 1:10. 聞きこみ！ローカル線 気まぐれ下車の旅 「わたらせ渓谷鐵道の旅」
20150807|http://www.youtube.com/watch?v=98WSTsqnVlI|Looter News: SQUARE Scam, John Wick Goes VR|Video embedded Get Loot Crate: http://loot.cr/grabloot On today's Looter News, we find out how easy it is to hack a SQUARE card reader. Also, if you
20150808|http://www.youtube.com/watch?v=WXhJQoIrWCo|【越境EC・海外進出】台湾消費者のファッション情報収集|Video embedded The presentation in Global Marketing Forum which is held by Global Brain Square Inc. The main topic is how do the Taiwanese know
20150809|http://www.youtube.com/watch?v=K4d7e52V0FE|【越境EC・海外進出】台湾消費者の家電購入方法/How|Video embedded The presentation in Global Marketing Forum which is held by Global Brain Square Inc. The main topic is how do the Taiwanese purchase
20150811|http://www.youtube.com/watch?v=1DTvAFucVu4|Freeseas Inc - FREE Stock Chart Technical Analysis|Freeseas Inc - FREE Stock Chart Technical Analysis for 08-11-15 Free Guide - The 5 Tools I Use To Find Stocks To Trade: ... Square Inc
20150815|http://www.youtube.com/watch?v=v17BiK3XpCE|グローバルマーケティングの対立軸 / Which conflict is|Video embedded 2015年6月19日に開催されたグローバルマーケティングフォーラムの模様です。グローバルマーケティングを推進する
20150816|http://www.city-data.com/forum/new-york-city/2428645-would-nyc-residents-ever-move-upstate-3.html|Would NYC Residents Ever Move Upstate? (Rochester|Would NYC Residents Ever Move Upstate? (Rochester, Binghamton: rent, home, college) User Name: Remember Me: ... Center Square(inc Lark Street)
20150823|http://www.youtube.com/watch?v=UOsPKlvAMn8|JewelleryMaker (The Late Show) LIVE 23/08/2015|Video embedded JewelleryMaker (The Late Show) LIVE 23/08/2015 JewelleryMaker. Loading ...Be there AND be Square Inc. Green, Orange, Pink and
20150826|http://www.youtube.com/watch?v=1nLF0Kz_4tI|Square Review - YouTube|Video embedded Skip navigation Sign in. Search
20150826|http://www.skyscrapercity.com/showthread.php?t=981388&page=32|Newcastle Area STUDENT ACCOMMODATION - Developments|Page 32- Newcastle Area STUDENT ACCOMMODATION - Developments Newcastle Metro Area
20150829|http://www.youtube.com/watch?v=bQhOonPhKyE|Square Capital Review - YouTube|Square Capital Review. Category PeopleBlogs; License Standard YouTube License; Show more Show less. ... SQUARE INC
20150830|http://www.youtube.com/watch?v=OhAHjVcAv_0|Hacking the Square - YouTube|The story of adding remote control to a pair of touch and dim Square lamps. Timeline: 1 00:00:0 Hacking the Square
20150909|http://www.youtube.com/watch?v=KfAAHo5wGVg|Calissio Resources Group Inc - CRGP Stock Chart|Video embedded Calissio Resources Group Inc - CRGP Stock Chart Technical Analysis for 09-09 ... CRGP Stock Chart Technical Analysis for 09-09-15 Free ... Square Inc
20150915|http://www.youtube.com/watch?v=F8QzWQ0X1KQ|Square Cash App Review - WHAT WHYHOW|Square Cash App Review http://ryanjamesmaynard.com/square-cash-app-review/ Square Cash App Review http ... This app created by Square Inc
20150915|http://www.youtube.com/watch?v=F8QzWQ0X1KQ|Square Cash App Review - WHAT WHY & HOW|Square Cash App Review http://ryanjamesmaynard.com/square-cash-app-review/ Square Cash App Review http ... This app created by Square Inc
20150916|http://www.youtube.com/watch?v=Jv3PfAU8H_k|Kingdom Hearts Music Video - Dearly Beloved (cover|Video embedded Kingdom Hearts Music Video - Dearly Beloved (cover by AmaLee) ... Kingdom Hearts is owned by square inc. ... Kingdom Hearts Music Video - Dearly Beloved
20150920|http://www.youtube.com/watch?v=P9tyxWt-RY8|setting up a Square store - YouTube|How to set up your online Square store and receive a $1,000 in FREE Credit card processing. Here is my
20150922|http://www.youtube.com/watch?v=c3lCeJMoJNk|Setting Up Square Up Store - YouTube|SQUARE INC. FRAUD!!! - Duration: 11:28. chuck miller 3,890 views. 11:28. How to Setup a Store Using Square
20150923|http://www.cnet.com/au/news/start-your-own-business-with-square-for-android/|Start your own business with Square for Android - CNET|Start your own business with Square for Android. ... Start your own business with Square for Android. ... I am unable to get a response from Square, Inc
20150924|http://www.ecommercebytes.com/forums/vbulletin/showthread.php?25316-Retail-Payments-The-Reality%2Fpage20|Retail Payments: The Reality ... - Page 20|The change will boost PayPal’s annual revenue by about $10 million while keeping prices competitive with Square Inc. and other digital transaction businesses,
20150929|http://www.youtube.com/watch?v=kiUcZwD0cZg|EARTH 09【DEBAYASHI vol07 EARTHSUNRISE】|Video embedded 素材集「DEBAYASHI」に収録されている「4Kサイズ」のCG素材です。イベントオープニングの背景やセミナー、TVCM、舞台
20151001|http://www.cnet.com/uk/news/start-your-own-business-with-square-for-android/|Start your own business with Square for Android - CNET|Start your own business with Square for Android. ... Start your own business with Square for Android. ... I am unable to get a response from Square, Inc
20151001|http://selvedgestyle.com/thread/516/order-update-thread?page=162|Order Update ThreadSelvedgeStyle Forum|Selvedge Style is a forum for discussion of selvedge denim footwearaccessories with quality and style. Japanese, Italian, USA Selvadge. We discuss it all.
20151002|http://www.youtube.com/watch?v=_OBs7KtTuIQ|How to use Butterknife for view injection in|How to use Butterknife for view injection in android Subscribe To My Channel and Get More Great Tutorials http://www.youtube.com ... (square inc
20151015|http://www.youtube.com/watch?v=-IBcOkLCA0U|Square Files for IPO, Seeks Listing on NYSE - YouTube|Video embedded Oct. 15 -- Square Inc., the mobile-payments company founded and led by Twitter Inc. Chief Executive Officer Jack Dorsey, filed for
20151020|http://www.youtube.com/watch?v=TEaSqMe5ttI|xPressTap - The Man On the Left - Mobile Payment with|Video embedded http://xPressTap.com 70% of eCommerce transactions are abandoned. Consumers despise fat fingers and long forms! Enables
20151022|http://www.youtube.com/watch?v=LyG4awc23DA|【動画・無料】レバレッジ ドラマ シーズン3 あらすじ・ネタバ|Video embedded L.SQUARE inc. 16,062 views. 1:10 【無料・動画】ボディオブプルーフ シーズン1 あらすじ・ネタバレ - Duration: 6:22.
20151025|http://www.youtube.com/watch?v=6czWfLZEtvc|Usando Butter Knife para inyectar views (vistas) en|Video embedded La librería Butter Knife, desarrollada y mantenida por Jake Wharton (Square Inc.), tiene anotaciones que ayudan a los desarrolladores a
20151027|http://www.youtube.com/watch?v=i21EIU8rfUo|Domain Tech Report Panel: Launch Code - YouTube|Standard YouTube License; Loading... ... Jim McKelvey: Square Inc. Co-founder, LaunchCode, on Cape
20151028|http://masterblasterhome.com/showthread.php?19319-Payment-by-credit-cards%2Fpage3|Payment by credit cards - Page 3|In the past, I've spurned solicitations to get enabled to get paid with plastic, but a big insurance company prefers to pay via MasterCard. I prefer not to wait
20151028|http://www.youtube.com/watch?v=TaYHFl2LtdM|Jim McKelvey and Emile Cambry on LaunchCode|Jim McKelvey and Emile Cambry talk about the new Mentor Center, the tech talent gap, and the
20151029|http://www.youtube.com/watch?v=NiY_5g2qf8s|STL Company LaunchCode Opening Mentor Center - YouTube|Video embedded Standard YouTube License; Loading... ... Jim McKelvey: Square Inc. Co-founder, LaunchCode, on Cape Chronicle - Duration:
20151105|http://www.youtube.com/watch?v=-llKEX2mis0|The SimCity American Government Simulation|The SimCity American Government Simulation Matthew Woessner. Loading ... Cognitive Square, Inc
20151109|http://www.youtube.com/watch?v=pfEKVDWUknU|Adrian Cockroft - DevOps Enterprise Summit 2015|Video embedded Adrian Cockroft - DevOps Enterprise Summit 2015 - theCUBE - # ... Startups such as San Francisco-based Square, Inc. have proven
20151111|http://www.youtube.com/watch?v=h70OdIudnfI|San Francisco Travel TourismUSA Travel|San Francisco (/sæn frənˈsɪskoʊ/), officially the City and County of San Francisco, is the cultural, commercial,
20151111|http://www.youtube.com/watch?v=KaModTBe_OY|San Francisco Travel TourismUSA Travel Attractions|Video embedded San Francisco Travel Tour USA Travel Attractions San Francisco Travel Tourism San Francisco Attractions USA Travel Things To Do In San
20151112|http://www.youtube.com/watch?v=sk5EeuwLB_I|エフェクト モザイク 映像素材 - YouTube|Video embedded Skip navigation Sign in. Search
20151112|https://www.technibble.com/forums/threads/introducing-square-instant-deposit.67072/|Introducing Square Instant DepositTechnibble Forums|Just got this in my email from Square: Introducing Square Instant Deposit Get your money faster than ever before. There’s now another reason to
20151113|http://www.youtube.com/watch?v=QJvuH4Scbik|Created showreel for a game studio - Excalibur - YouTube|Video embedded Game Studio of my friends, that makes wonderful computer and mobile games! They collected enough projects for more than 10 years. I
20151116|http://www.youtube.com/watch?v=mw9K16UJFA0|BlackSquare Inc. - TechRev 2015 Innovator - YouTube|Video embedded Matthew Protti, CEO BlackSquare Inc. BlackSquare now provides Blackboxx and accompanying consulting services to wineries, retailers,
20151116|http://www.youtube.com/watch?v=SFN3O1qSOjE|【告知】COMPASS～就活イベント～ - YouTube|Video embedded L.SQUARE inc. 15,966 views. 1:10. COMPASS～16卒内定者による就活支援イベント～ - Duration: 0:53. 16
20151117|http://www.apug.org/forum/index.php?threads%2Ffs-burke-and-james-orbit-4x5-monorail-view-camera.129878%2F|FS: Burke and James Orbit 4x5 monorail view camera|Burke and James Orbit 4x5 monorail view camera, in very good condition. Bellows is in excellent condition and light tight. All movement are operating
20151119|http://www.youtube.com/watch?v=KHKhvmy7PB4|Square Inc. - SQ Stock Chart Technical Analysis for 11|Video embedded Square Inc. - SQ Stock Chart Technical Analysis for 11-19-15 Free Guide - The 5 Tools I Use To Find Stocks To Trade:
20151120|http://www.youtube.com/watch?v=MvxRHhat6Es|Square - SQ Stock Chart Technical Analysis for 11-20-15|Video embedded Square Inc. - SQ Stock Chart Technical Analysis for 11-19-15 - Duration: 3:34. ClayTrader 432 views. 3:34. How to Analyze Stocks Trading
20151120|http://www.youtube.com/watch?v=6eCdseiZRuU|November 20, 2015 Financial News - Business News - Stock|Video embedded November 20, 2015 Financial News - Business News - Stock Exchange - Market News CLICK HERE http://FinancialBuzz.com
20151125|http://www.apug.org/forum/index.php?threads%2Ffs-arkay-1620-sw-stainless-steel-rapid-print-washer.130041%2F|FS: Arkay 1620-SW Stainless Steel Rapid Print Washer|The Arkay 1620-SW Rapid Print Washer is made with an all stainless steel construction (including a 1-1/2 sink drain). It accepts up to twelve 16 x 20
20151129|http://www.apug.org/forum/index.php?threads%2Ffs-mortensen-on-the-negative-by-william-mortensen.130191%2F|FS: Mortensen on the Negative by William Mortensen|Mortensen on the Negative by William Mortensen. ... I can accept credit/debit cards which will be processed via Square Inc. using their online invoicing
20151129|http://www.apug.org/forum/index.php?threads%2Ffs-the-keepers-of-light-by-william-crawford.130203%2F|FS: The Keepers of Light by William Crawford.APUG.ORG|I do not use PayPal. I can accept credit/debit cards which will be processed via Square Inc. using their online invoicing system.
20151130|http://www.apug.org/forum/index.php?threads%2Ffs-busch-pressman-model-d-4x5-body.130210%2F|FS: Busch Pressman Model D 4x5 BodyAPUG.ORG|Busch Pressman Model D 4x5 Body in good condition. All movements work smoothly and lock tight. The bellowed is in great condition seems to be light
20151203|https://answers.yahoo.com/question/index?qid=20151203190336AA1kO1l|will the Square work on a TracFone?Yahoo Answers|Will the Square work on a TracFone? Follow . 1 answer 1. Report Abuse. Are you sure you want to delete this answer? ... This is one by Square, Inc.
20151203|http://www.apug.org/forum/index.php?threads%2Ffs-stouffer-tp-4x5-21-step-wedge-new.130255%2F|FS: Stouffer TP 4x5 21 Step Wedge (New)APUG.ORG|Stouffer TP 4x5 21 Step Wedge (New) $25.00 free shipping (Contiguous USA) I do not use PayPal. I can accept credit/debit cards which will be processed via Square Inc
20151203|http://www.apug.org/forum/index.php?threads%2Ffs-wollensak-10-inch-254mm-f-6-veritar-soft-focus-lens.130306%2F|FS: Wollensak 10 inch (254mm) f/6 Veritar Soft Focus Lens|Wollensak 10 inch (254mm) f/6 Veritar Soft Focus Lens. It has a scratched front element, I haven't seen any effect on image. The glass is clear other
20151214|http://www.apug.org/forum/index.php?threads%2Ffs-8x10-camera-spring-back.130525%2F|FS: 8x10 Camera Spring BackAPUG.ORG|8x10 Camera Spring Back without ground glass in very good condition. I do not know the manufacturer. It measures 11 1/2 inch square has 5/16 inch step
20151221|http://www.youtube.com/watch?v=CSKXhmL7jgc|Common Foundation Problems in Florida - YouTube|Video embedded Common Foundation Problems in Florida Foundation Professionals of Florida. Loading ... N. Square, Inc. - Duration: 0:31.
20151223|http://www.youtube.com/watch?v=aKHrliu3AG4|2015.12.19 お座敷イベント オープニングムービー - YouTube|Video embedded L.SQUARE inc. 5,570 views. 2:21. 結婚式 自作オープニングムービー - Duration: 2:37. sivartet 360,436 views. 2:37.
20151228|http://www.youtube.com/watch?v=aVnH9DAodog|FREAKS 35周年記念イベント オープニング映像|L.SQUARE inc. 16,062 views. 1:10. イベントオープニング - Duration: 0:51. qwxwp 6,178 views. 0:51. Freaks
20151229|http://www.youtube.com/watch?v=Q69MV-w_OHk|Mobile Point Of Scam: Attacking The Square|by Alexandrea MellenJohn MooreArtem Losev We consider the security of Square, Inc.'s mobile card
20160103|http://www.youtube.com/watch?v=VB8zaGF38wY|San Francisco, California, United States city tour - YouTube|Video embedded There are slides of Golden Gate Bridge, Alcatraz Island, Union Square, San Francisco Cable Car, San Francisco Ferry Building, Palace
20160104|http://www.youtube.com/watch?v=QL13pQqQm-M|Exclusive interview with Jack Dorsey-Co-Founder|Exclusive Interview of Jack Dorsey Co-Founder Chairman of Twitter Inc. Co-Founder CEO of Square Inc.
20160104|http://www.apug.org/forum/index.php?threads%2Ffs-3-back-issues-of-blind-spot-magazine.130019%2F|FS: 3 Back Issues of Blind Spot MagazineAPUG.ORG|3 Back Issues of Blind Spot Magazine in excellent condition. Included are issues 8, 10, and 12. $15.00 free shipping (USA) I do not use PayPal. I can
20160105|http://www.youtube.com/watch?v=B4hFB8c-CqQ|会社のオープニング映像 - YouTube|L.SQUARE inc. 15,966 views. 1:10. アルゴグラフィックス 会社紹介オープニング - Duration: 0:34. ArgoGraphics
20160112|http://www.youtube.com/watch?v=sru_xru6OJ0|Tom's BaoBao, Special Permit, Cambridge Board|57 JFK STREET CASE NO: BZA-008879-2015 Business B Zone/HSOD Applicant: GQS HARVARD SQUARE INC., ROSAMOND LU Special Permit: To operate a “Tom’s BaoBao
20160113|http://www.cnet.com/uk/news/square-hits-10-billion-in-annual-payments-processed/|Square hits $10 billion in annual payments processed|Mobile-payments startup Square said today that it is now processing $10 billion in transactions a year. That's a major milestone for a company that
20160116|http://www.youtube.com/watch?v=ogewjjB03fw|SQUARE INC. FRAUD!!! - YouTube|freedom of speach!!! squareup.com is a credit card prossesing company that is deactivating acounts once we
20160117|http://www.youtube.com/watch?v=SfwNhbBgHxk|SQUARE. SCAM!!!! BEWARE!!!! - YouTube|Oil change scams: Hidden camera investigation on what really happens to your car (CBC Marketplace)
20160120|https://nworeport.me/tag/twitter-says-widespread-outages-resolved-blames-glitchy-software-update-frankfurt-by-eric-auchard/|Twitter says widespread outages resolved; blames|Twitter CEO Jack Dorsey’s other company, Square Inc, was down almost 8 percent on Tuesday, though the reason for that was unclear. Rate this: Share
20160122|http://www.youtube.com/watch?v=_ywp36Q2mpU|REVIEW OF THE 2016 VERSION SQUARE READER|REVIEW OF THE 2016 VERSION SQUARE READER AR TECH. Loading... Unsubscribe from AR TECH? Cancel Unsubscribe. ... SQUARE INC
20160124|http://www.skyscrapercity.com/showthread.php?t=1891640|ALPHABETICAL LIST of our Completed and Cancelled Projects|ALPHABETICAL LIST of our Completed and Cancelled Projects - With LINKS to all the Project Threads now on this Forum Completed Projects
20160125|http://www.youtube.com/watch?v=S5K-pFLXFbs|Twitter's Disastrous Year, Executive Shake Up and Stock|Video embedded Twitter's Disastrous Year, Executive Shake Up and Stock Slide ZacksInvestmentNews. Loading... ... Square Inc:
20160127|http://www.youtube.com/watch?v=9tEzkhsyZWc|Starbucks Howard Schultz Animated Biography|Howard is also a former owner of the Seattle SuperSonics and he was a member of the Board of Directors at Square, Inc. In ... TO US ON YOUTUBE
20160207|http://www.youtube.com/watch?v=1ZA57PECmnk|【FAST EDIT】 イベントのオープニング動画 - YouTube|L.SQUARE inc. 16,062 views. 1:10. C;ON イベントオープニング映像 - Duration: 3:09. HauteCouture KRK 403
20160210|http://www.youtube.com/watch?v=rA1iKa4K_cg|Cambridge License Commission, Failure to Renew|Video embedded Disciplinary Hearing as to Aspen Bagel Co., holder of a Common Victualler License and Entertainment License at 84 Massachusetts
20160215|http://www.youtube.com/watch?v=B6szqyh9GGw|KimLarry's Southwest Florida 1 Minute Reviews|Video embedded Yabba Island Grill 711 5th Ave South Naples FL 239-262-5787 www.yabbaislandgrill.com About KL's Reviews: - We love to explore
20160216|http://www.youtube.com/watch?v=frAbaao9XJc|Square NFC, Chip Card Reader Update February|Here is an update video regarding my new coming soon credit card reader.
20160227|https://www.hairlosstalk.com/interact/threads/20m-mature-hairline-or-going-bald-crown-thinning-wide-part.96542/|[20M] Mature hairline or going bald? Crown thinning? Wide|[20M] Mature hairline or going bald? Crown thinning? Wide Part? ... Grab a square inc h of hair on the top and back and see which seems thicker.
20160304|http://www.youtube.com/watch?v=AYgMx2AkqtM|Complaints mount against credit card processor|Complaints mount against credit card processor Square WSB-TV. Loading ... SQUARE INC.
20160310|http://www.youtube.com/watch?v=K-xbfEPn2tg|Emv Chip Credit Card Processing With Tip Feature For|Video embedded Emv Chip Credit Card Processing With Tip Feature For Servers-Harbortouch Perkwave Software ... Feature For Servers-Harbortouch Perkwave ... Square, Inc
20160316|http://www.youtube.com/watch?v=T-dMq3aLJkY|[Podcast] Can Jack Dorsey Lead Both Twitter and Square|Video embedded Tracey and Brian discuss whether investors should be betting big on Dorsey, or if it’s too much for one CEO to handle. Original Article here:
20160319|http://www.youtube.com/watch?v=ii9NrNEB81c|Constitution Quest Educational Game by Cognitive Square|Video embedded Constitution Quest Educational Game by Cognitive Square Thelma Lou Reviews. Loading... Unsubscribe from Thelma Lou Reviews? ... Cognitive Square, Inc
20160321|http://www.youtube.com/watch?v=tIR7WBH9ocw|SATOYAMASATOUMIへ行こうイベント オープニング8|Video embedded L.SQUARE inc. 5,565 views. 2:21. Loading more suggestions... Show more. Language: English Content location: United States
20160321|http://www.youtube.com/watch?v=Ui9WiLFKp0c|Jim McKelvey Supports Prop R - YouTube|Video embedded Co-Founder of Square Inc. and Ladue graduate Jim McKelvey emphasizes the importance of passing Prop R. Learn More:
20160322|https://windowssecrets.com/forums/showthread.php/174979-Recommend-credit-card-processor|Recommend credit-card processor?Windows Secrets|Recommend credit-card processor? - Hi All, I hope this is the right forum to post this as it's not strictly a Windows only query. I run a small premium IT Support
20160323|http://www.youtube.com/watch?v=4FjPf65DLK4|How to Make Extra Money When Divorce Makes|Video embedded Today we're talking about how to make some extra money, whether you're divorced or getting a divorce. If you've never heard of Fiverr,
20160404|http://www.youtube.com/watch?v=zz64mDYddL4|What To Do When Your Merchant Account Is|What To Do When Your Merchant Account Is High Risk and has Gotten Frozen Alexander Price. Loading ... SQUARE INC
20160408|http://www.youtube.com/watch?v=deebUjFzeUs|Fix foundation problems before they get worse!|Video embedded Fix foundation problems before they get worse! Foundation Repair in Southern FL by N Square ... Contact N Square, Inc. at the first
20160408|http://www.youtube.com/watch?v=P5fu6SmySbk|Concrete liftingleveling in Southern FL with|Concrete liftingleveling in Southern FL with PolyLEVEL™ NSquare, Inc. ... patio, pool deck or front steps claim another victim call N Square, Inc.
20160411|http://www.youtube.com/watch?v=dlTMKtD7PZY|What My Thoughts Are On The Square Register|What My Thoughts Are On The Square Register CandiWare. Loading ... SQUARE INC. FRAUD!!!
20160425|http://www.youtube.com/watch?v=-wu3zQE7BF8|VENMO vs SQUARE CASHVlog 033 - YouTube|04.023.2016 My photos are at: www.charlesthomasphotography.com
20160430|http://www.youtube.com/watch?v=tsmnysQD-Oo|Square Co-Founder & Launch Code Founder JIM MCKELVEY|Video embedded Square Co-FounderLaunch Code Founder JIM MCKELVEY on STL NGA HQ campus. dickfleming. ... Jim McKelvey: Square Inc. Co
20160502|http://www.youtube.com/watch?v=9R-jLNbxLPQ|Guide to Square POS: user reviews, screenshots|Guide to Square POS: user reviews, screenshots and pricing info SoftwareAdvice. Loading ... SQUARE INC
20160503|http://www.youtube.com/watch?v=XG-BPqEfDFQ|100周年イベント オープニング - YouTube|Video embedded Unsubscribe from 奈良育英学園情報技術部? 100周年イベントオープニング
20160505|http://www.small-business-forum.net/starting-your-business/17180-national-business-week-webinar-schedule.html|National Small Business Week, Webinar Schedule.|National Small Business Week, Webinar Schedule. ... Sponsor: Square, Inc. Webinar: Cloud, Mobile, and Social: Great Apps and Services That Will
20160517|http://www.analystratings.com/2016/05/17/compass-point-upgrades-square-inc-to-buy|Compass Point Upgrades Square Inc to BuyAnalyst|Square Inc (NYSE: SQ) received a Buy rating and a $13 price target from Compass Point analyst John T. Williams today. The company's shares opened today at
20160521|http://www.uberforum.com/threads/corporate-department-of-the-year-finalist-wilson-sonsini-goodrich-rosati.39220/|Corporate Department of the Year, Finalist: Wilson|It advised Square Inc. and GoDaddy Inc. on their initial public offerings and helped NantKwest Inc. in the largest biotech IPO ever . Wilson helped
20160523|http://www.marketwired.com/press-release/jim-mckelvey-co-founder-and-director-of-square-joins-calpian-inc-board-of-directors-otc-pink-clpi-2127319.htm|Jim McKelvey, Co-Founder and Director of Square,|07:30 ET. Jim McKelvey, Co-Founder and Director of Square, Joins Calpian, Inc. Board of Directors
20160524|http://www.youtube.com/watch?v=So5IJ3ZQQEs|名古屋スクール・オブ・ビジネス様 [ファッションショー|L.SQUARE inc. 16,062 views. 1:10. 夏の学園祭 ファッションショー - Duration: 12:14.
20160531|http://www.youtube.com/watch?v=UhULoW1kqfo|Square Cash demo - YouTube|SQUARE INC. FRAUD!!! - Duration: 11:28. chuck miller 3,890 views. 11:28. Money App Square CashWalt
20160601|http://www.webtretho.com/forum/f3950/bi-quyet-thanh-cong-cua-7-vi-nhan-noi-tieng-tren-the-gioi-2171932/|Bí quyết thành công của 7 vĩ nhân nổi tiếng trên thế giới|Gương thành công của những vĩ nhân nổi tiếng trên thế giới luôn là nguồn cảm hứng cho chúng ta học tập và nỗ lực. Những câu
20160602|http://www.youtube.com/watch?v=rqt7vephgE4|映像制作のための情報マガジン ビデオSALON Web|L.SQUARE inc. 230 views. 4:07. ワコム クリエイターインタビュー 映像制作会社 KOO-KI 空気株式会社 - Duration:
20160619|http://www.inverforo.com/foro/bolsa/44384-aventuras-bolsa-xix-2015-regresaran-viejos-otc-s-20.html|AVENTURAS DE BOLSA XIX - 2015 - inverforo.com|Utilizamos cookies propias y de terceros para prestar nuestros servicios y mostrar publicidad relacionada con sus preferencias. Si continua navegando,
20160621|http://www.youtube.com/watch?v=0vyKqr3PVPE|ホームページ制作費用 東京のエムシーエス株式会社|Video embedded http://www.mcscorp.co.jp/homepage/pri... ホームページ制作をご検討の方、特に企業のホームページ制作と有効活用の提案が
20160621|http://www.youtube.com/watch?v=S5E5Sc8O3hA|4 “Secret” Tips for how to become rich - YouTube|Video embedded Brent and Chase discuss what rich people do to make money and the company of the day, Square Inc. (SQ).
20160630|http://www.youtube.com/watch?v=DhgA2hNiNPU|AOUH 映像鮮明化装置-サンプル映像(逆光) - YouTube|Video embedded L.SQUARE inc. 16,150 views. 1:10 [ニュース]TOHOKU GREEN 2014告知「Wild challengers篇」を公開 - Duration: 0:31.
20160703|http://www.youtube.com/watch?v=MGPBVZdRFBU|Quick San Francisco City tour video using photo spheres|Video embedded Have a quick tour of San Francisco, View Alcatraz, the San Francisco bridge, and San Francisco city. We publish videos nearly everyday.
20160708|http://www.youtube.com/watch?v=n4NxiomylLg|Square Tutorials - Linking to your Bank Account|Card payments you accept with Square are deposited directly to your linked bank account. Link your bank
20160712|http://bridgeandtunnelinvestor.com/thread/66/new-ipos?page=3|New IPO'sBridge and Tunnel Investor|New IPO's. Investment Themes. Gene Editing. ... Square Inc. will have to give some investors additional shares valued at $93 million after its initial public offering
20160714|http://www.youtube.com/watch?v=gEZvvjkDfSg|【PRINT SQUARE】新商品！防水LEDライト付、12色に光|Video embedded http://www.print.square-inc.co.jp/ Category PeopleBlogs; License Standard YouTube License; Show more Show less. Loading
20160714|http://www.youtube.com/watch?v=AHSRVDQpsU4|Introduction to Square Invoices - YouTube|Video embedded Square makes it easy for you to send invoices and get paid fast. Invoices are free to send (you just pay for the processing) and most are paid
20160722|http://www.skyscrapercity.com/showthread.php?page=69&t=1006895|Vaux SiteSunderlandVariousU/C - Page 69|Page 69- Vaux SiteSunderlandVariousU/C Sunderland and Durham
20160727|http://www.youtube.com/watch?v=P3086-gC57w|PolyLEVEL™ Concrete Lifting Case Study: I-64|PolyLEVEL™ Concrete Lifting Case Study: I-64 Under IL-158 OverpassWoods Basement Systems ... PolyLEVEL™ by N Square, Inc
20160731|http://www.youtube.com/watch?v=7x-abEIKQe4|Athens Square July 26 IMG 0302 - YouTube|Video embedded Rafina Orchestra - July 26, 2016 - Athens Square Park, Astoria, NY Greek Nights - Summer 2016 - Tuesdays in the Summer Organized by
20160731|http://www.youtube.com/watch?v=99CobH1HrKA|サービス紹介サンプル - TAKUMI - YouTube|Video embedded L.SQUARE inc. 231 views. 2:44. フォトフレームを利用した動画PR - Duration: 3:14. UlyssesLLC 86 views. 3:14. sousmith
20160813|http://www.skyscrapercity.com/showthread.php?t=1917508|The Shield (Clarence Street, Field Close, Stoddart Street|The Shield (Clarence Street, Field Close, Stoddart Street) Student AccommodationNewcastleVariousU/C Newcastle Metro Area
20160817|http://www.youtube.com/watch?v=H35veVEzFOo|Builders Care raises sinking house with NSquare, Inc|Video embedded The Schroeder house was literally sinking after being built on construction debris in the 1970's. The woman who recently lost her leg to
20160818|http://www.youtube.com/watch?v=Mj6U6ndqeN0|Using Square Accounts - YouTube|Video embedded Information on using Square Accounts for your Save the Day events.
20160820|http://www.youtube.com/watch?v=vZVkF_QGG3s|[E-Commerce in Philippines] Basic Information|Basic Information and PEST Analysis of Philippines ... [E-Commerce in Philippines] Basic Information and PEST ... please contact to Global Brain Square Inc.
20160820|http://www.youtube.com/watch?v=oryfaVHyCDA|[E-Commerce in Philippines] Online shopping in Philippines|Video embedded [E-Commerce in Philippines] Online shopping in Philippines GBS Channel. Loading ... please contact to Global Brain Square Inc.
20160821|http://www.youtube.com/watch?v=CQZ5cbbUsBI|Drive simulator demo - YouTube|Video embedded Drive simulator demo TURBO GAMES HD. Loading ... Driving Simulator Demonstration - Drive Square Inc. - Duration: 1:52. Drive Square
20160821|http://www.youtube.com/watch?v=Fkno6MPIrUk|[E-Commerce in Philippines] Philippine|Philippine Ecommerce Risks is intended for companies considering cross border e-commerce and
20160825|http://www.youtube.com/watch?v=IOoSqCkkP3Y|Gaming Shareholders Know Jack Sh*t - YouTube|Add me on: Steam: http://steamcommunity.com/id/IndyTheGreat PSN:
20160827|http://www.youtube.com/watch?v=TUZuQY_WXKE|みずきゲーム実績 - YouTube|Video embedded L.SQUARE inc. 138 views. 11:11 【パズドラ】今日はみんなの行きたいダンジョンどこでも手伝いまーす【初見歓迎
20160828|http://www.youtube.com/watch?v=YYoQ1NkGBF0|オープニング映像 - YouTube|Video embedded Adobe Illustratorでロゴを制作し、Adobe After Effectsで編集したオープニングムービーを制作しました。
20160829|http://www.youtube.com/watch?v=m2Ui_zpmo2g|Cash App and Square Aps are A Big Fraud!|Cash App and Square Aps are A Big Fraud
20160829|http://www.youtube.com/watch?v=wZFBvwm_CrY|Jim McKelvey Talks About Square - Past, Present|Jim McKelvey, who cofounded Square with Twitter's Jack Dorsey in St. Louis, Missouri, talks about how
20160830|http://www.youtube.com/watch?v=IbEgZBG7YVI|San Francisco one day trip - YouTube|San Francisco officially the City and County of San Francisco, is the cultural, commercial, and financial
20160902|http://www.youtube.com/watch?v=kJzppS3p60Q|Rosa Mayer - LaunchCode - YouTube|Rosa Mayer - LaunchCode STLRegionalChamber. Loading ... Jim McKelvey: Square Inc.
20160906|http://www.youtube.com/watch?v=TR7NQLJgFK8|NSquare Inc - YouTube|Video embedded Concrete Leveling in South FL with PolyLEVEL by NSquare, Inc ... Signs of Foundation Problems and How to Fix Them N Square , Inc
20160913|http://www.youtube.com/watch?v=cp71gadIBM0|Stuart, FL Foundation Pour - YouTube|Video embedded Leveling Concrete Slabs in Southern Florida with PolyLEVEL™N Square. Inc. - Duration: 0:38. NSquare, Inc. 110 views. 0:38.
20160915|http://www.youtube.com/watch?v=qxuTGFWDS84|Mr.& Miss Chuo Contest 2016 お披露目イベント OP|L.SQUARE inc. 16,062 views. 1:10. Mr.Miss Chuo Contest 2014 entry no.5 添田洋平(グランプリ) - Duration:
20160919|http://www.youtube.com/watch?v=IZAcVcMTu70|Leveling Concrete Slabs in Southern Florida with|This video shows a series of time-lapse, GoPro clips showing several concrete lifting and leveling jobs performed by N Square, Inc
20160921|http://www.youtube.com/watch?v=NWlEPNhncqk|Rowe Group - Capital Square - YouTube|Video embedded When earthworks began at the Emu Brewery (Capital Square) site on Mounts Bay Road, Perth in 2014, they signified more than a decade of
20160921|http://www.forums.stevehoffman.tv/threads/now-that-your-headphones-are-obsolete-what-will-you-be-doing-iphone-wireless-changeover.591696/page-5|Now that your headphones are obsolete, what will|The company is called Square Inc. This is what you are seeing. While you may be seeing them on iPhone's. It is available for both Apple and Android phones.
20160927|http://www.youtube.com/watch?v=fH-FJk9JW7Q|アナログ技法×Creative Cloudで創り上げる、多媒体|L.SQUARE inc. 16,021 views. 1:10. Loading more suggestions... Show more. Language: English Content
20160928|http://www.youtube.com/watch?v=A-pYr_7rukY|Serve To Protect Sarasota Florida - YouTube|Video embedded Serve to Protect is an absentee landlord service based in Florida. They provide a variety of property services for absentee owners of real
20160929|http://www.youtube.com/watch?v=AVJpLtGNJg4|Square up - YouTube|Video embedded SQUARE INC. FRAUD!!! - Duration: 11:28. chuck miller 3,890 views. 11:28. Jordan Clarkson FIGHT with Goran Dragic - Clarkson
20161004|http://www.youtube.com/watch?v=JEmtdzIAPTs|Concrete Lifting by Southeast FoundationCrawl Space|Video embedded Concrete Lifting with our Polylevel system in Hampstead, NC done by Southeast FoundationCrawl Space Repair
20161010|http://www.youtube.com/watch?v=tEC5TMCvMuw|Discovery Climbing Square ICN - YouTube|Video embedded 2016.02.26 Discovery Climbing Square INC - Duration: 2:31.
20161012|https://www.gurufocus.com/news/452264/reminder-media-alert-kilopass-to-exhibit-at-tsmc-2016-oip-ecosystem-forumr|REMINDER: MEDIA ALERT: Kilopass to Exhibit at TSMC|Gladstone Capital Management LLP Buys Activision Blizzard Inc, Charter Communications Inc, Sells Square Inc, Qualcomm Inc, The Priceline Group Inc by
20161013|http://www.uberforum.com/threads/money-losing-meal-delivery-startup-munchery-seeks-new-ceo.76659/|Money-Losing Meal Delivery Startup Munchery Seeks|Munchery isn’t the only food delivery startup laboring to find its way. Square Inc. tried and failed to sell its unprofitable Caviar business, and
20161014|http://www.uberforum.com/threads/money-losing-meal-delivery-startup-munchery-seeks-new-ceo.76729/|Money-Losing Meal Delivery Startup Munchery Seeks|Munchery isn’t the only food delivery startup laboring to find its way. Square Inc. tried and failed to sell its unprofitable Caviar business, and
20161017|http://www.youtube.com/watch?v=Q1Y418Y79NU|Clover Go Vs. Square Reader - YouTube|Clover Go Vs. Square Reader https://www.bestpointsofsale.com - My website!
20161020|http://www.youtube.com/watch?v=sV9fX2L17AQ|mislaw - 350 - YouTube|musicvideo by mislaw techno house minimal onboard nissan 350z . wroclaw by night
20161031|http://www.skyscrapercity.com/showthread.php?t=584932&page=2316|Metrolink - Page 2316 - SkyscraperCity|Page 2316- Metrolink Greater Manchester Transport Projects ... search the site
20161102|http://www.tomsguide.com/forum/id-3229396/brings-headset.html|Which brings headset for me [Solved] - Gaming|Which brings headset for meSolved Which brings headset for me . Tags: ... the witcher 3, batmans, tomb raiders, just cause 3, among other square inc
20161103|http://www.youtube.com/watch?v=hcxMtomE6fI|Droidcon NYC 2016 - Looking Ahead to RxJava 2|Jake Wharton, Square, Inc. Development on the next major version of RxJava is underway. While the operators
20161103|http://www.youtube.com/watch?v=Xi2vfrSJM9M|Harry Boxer, TheTechTrader.com - YouTube|Video embedded 11/3/16 - www.TheTechTrader.com - Wall Street is under pressure, down at least eight days for the SP 500. That’s the first time since
20161107|http://www.youtube.com/watch?v=82UQS-G0kDE|Ramjack Foundation Repair for crawl space and sloping|Video embedded crawl space and sloping floor repair. an examp;e of wooden floor repair in the Tampa Bay area. specilaizes in http://allfloridaramjack.com
20161108|https://www.avforums.com/threads/alien-cinema-garage-conversion.2056046/page-3|Alien cinema garage conversionPage 3AVForums|Alien cinema garage conversion. ... I have had lots of cheaper samples over the last few years as I have covered every square inc of my room in the
20161111|http://www.diymobileaudio.com/forum/car-audio-classifieds/240562-2x-alpine-m65-dynaudio-esotar-430-esotec-182-fs.html|2x Alpine M65, Dynaudio Esotar 430, Esotec 182 FS - Car|There is this app Square Cash - Send Money for Free by Square, Inc. https: ... 2x Alpine M65, Dynaudio Esotar 430, Esotec 182 FS.
20161112|http://www.youtube.com/watch?v=fC5B8eaEOOE|Square up! - YouTube|Video embeddedSQUARE INC. FRAUD!!! - Duration: 11:28. chuck miller 3,739 views. 11:28Square up a deck or wall using the 3 4 5 Rule - Duration: 3:03.
20161113|http://www.youtube.com/watch?v=pOZirkUhbLQ|Olympic Flame - open-air opera in New York (part 3)|Video embedded Olympic Flame - open-air opera in New York (part 3) Hellenic American Center of the Arts. ... Part of the Athens Square Inc Greek
20161113|https://uberpeople.net/threads/banks-passed-up-uber-share-sale-on-lack-of-data-bloomberg-11-7.116710/|Banks Passed Up Uber Share Sale on Lack of Data|Uber Drivers Forum. ... Banks Passed Up Uber Share Sale on Lack of Data ... including payments company Square Inc., didn’t help.
20161114|http://www.youtube.com/watch?v=T_p22jMZSrk|Droidcon NYC 2016 - Decoding the Secrets of|Jesse Wilson, Square, Inc. Opaque blobs of data have hexed Android programmers for too long. It’s time to byte
20161115|http://www.youtube.com/watch?v=6bRpeL6bXMg|Testing of New Plastic Turnplates for Driving|Testing of New Plastic Turnplates for Driving Simulator Drive Square. Loading ... Drive Square, Inc.
20161117|http://www.youtube.com/watch?v=ZR79x60J1ns|Keynote: Jack DorseyKayla Tausche (Square)|Keynote: Jack DorseyKayla Tausche (Square) Money20/20.tv. Loading... ... VIEWER STOCK PICK $SQ SQUARE INC
20161118|http://www.youtube.com/watch?v=euXBOuhFSgc|Droidcon NYC 2016 - Stealing the Web’s Best|Matt Precious, Square, Inc. Square Cash recently moved some core business logic out of Java and into
20161118|http://www.youtube.com/watch?v=O8IdKinLZiA|How to create a online store on Square for free|How to create a online store on Square for free Julie Brown Coaching. ... SQUARE INC. FRAUD!!! - Duration:
20161123|http://www.youtube.com/watch?v=ksgmm8VolT4|Droidcon NYC 2016 - Embracing SQL Without Abstraction|Video embedded Alec Strong, Square, Inc. SQL Delight and SQL Brite are two libraries for SQLite which allow you to populate complex, reactive UIs
20161130|http://www.youtube.com/watch?v=YlaPNJe4ZCk|Airdrie ab Vote Herdman 160ct2017 ChangeCityGovernment|Video embedded Richard Herdman declares Candidacy 29nov2016 at AirdrieCityHall by Legal Affidavit with City Clerk A new city hall @ 100 million $ with
20161202|https://in.answers.yahoo.com/question/index?qid=20161202223416AAphSP6|where can i buy graphene solar panels?Yahoo Answers|Graphene For Sale - Graphene Square Inc according to google. Graphene is used to make transparent solar panels, used in OLED, and so on.
20161211|http://www.youtube.com/watch?v=oSLe4PPLvMo|mobile apps builder for small business - YouTube|mobile apps builder for small business CONTACT: http://kibbsmarketing.com ... Square, Inc. is a
20161218|http://www.youtube.com/watch?v=6JpqsKHhZ1M|kids cheer peaches!Xmasイベントオープニング2階右側か|Video embedded L.SQUARE inc. 5,579 views. 2:21. Kidsc heer peaches!木津エンジェルキッズディズニーオーディション2017 - Duration: 1:24.
20161218|http://www.youtube.com/watch?v=2JqPLmCzElM|Driving Downtown - Hills Of San Francisco - San|Driving Downtown Neighborhoods - Nob Hill - San Francisco California USA - Episode 14. Starting Point:
20161221|https://www.thefastlaneforum.com/community/threads/online-scheduling-payment-processing-recommendations.71363/|Digital/Web - Online Scheduling & Payment Processing|Digital/Web Online SchedulingPayment Processing Recommendations ... Square, Inc. currently has a service that almost meets all my
20161225|http://www.youtube.com/watch?v=4MD38rRo2B0|Timelapse @ GREE Intl Event - Dark Room Truck|Video embedded Captured during a private party we did for GREE International in San Francisco with 200+ guests. The camera angle shows the back of
20161227|http://www.youtube.com/watch?v=gl6tPLM387U|Driving Downtown - Chinatown - San Francisco|Driving Downtown Neighborhoods - Chinatown - San Francisco California USA - Episode 15. Starting Point:
20170106|http://www.youtube.com/watch?v=frwGoWdc-sg|Legendary Investor Makes 6000% Profit Investing in|Video embedded VIEWER STOCK PICK $SQ SQUARE INC ~Investor XP~ - Duration: 8:28. Epidemikmedia LLC 42 views. 8:28. Advanced Investing For
20170107|http://www.youtube.com/watch?v=u5YxTuL1GoE|Credit Card Swipe Square Reader Talk - YouTube|Credit Card Swipe Square Reader Talk Kris Occhipinti. Loading ... SQUARE INC. FRAUD!!! - Duration:
20170107|http://www.youtube.com/watch?v=FK1xWjEAP30|Quick City Overview: San Francisco, USA (HD) - YouTube|Video embedded Quick City Overview: San Francisco, USA (HD) ... Reddit, Square, Inc., Dolby, Airbnb, Weebly, Pacific Gas and Electric Company,
20170109|http://www.youtube.com/watch?v=76R9QEcUoIE|Crawlspace Repair and Stabilizing - YouTube|Video embedded Crawlspace Repair and Stabilizing Joey Florence. Loading ... SmartJack™ by N Square, Inc. - Duration: 0:31. NSquare, Inc. 398 views.
20170121|http://www.youtube.com/watch?v=SVX26RcU-2c|ZERO札幌ビジネス交流会 - YouTube|Video embedded L.SQUARE inc. 16,006 views. 1:10. 第1205回 YouTuber/ゲーム実況者 たくたくさん - Duration: 19:31. kyokofukutsu 110 views. 19:31.
20170126|http://www.youtube.com/watch?v=-a1WYD3Noq4|EPISODE 3 - BEING BAD - YouTube|Video embedded Is it wrong for the KidBrokers to invest in a tobacco company? Watch Episode 3 and let them know! After the episode go to their website
20170203|http://www.youtube.com/watch?v=AADP2dQMyPE|Jim McKelvey introduces the MOMATM - YouTube|Jim McKelvey introduces the MOMATM MoneyonMobileIR. Loading ... Jim McKelvey: Square Inc. Co
20170208|https://www.religiousforums.com/threads/dark-days-for-the-trump-administration.195383/|Dark days for the Trump administration.Religious|Dark days for the Trump administration. ... 79. Square, Inc. 80. Squarespace, Inc. 81. Strava, Inc. 82. Stripe, Inc. 83. SurveyMonkey Inc. 84.
20170210|http://www.youtube.com/watch?v=nTGRFT6to-I|Cognitive Square, Inc. – Creators of the Constitution|Video embedded Cognitive Square, Inc., has a unique passion for spreading Constitutional literacy, which means promoting American civic education by
20170210|http://gold-silver.us/forum/showthread.php?93695-Pizzagate%2Fpage47|Pizzagate - Page 47 - gold-silver.us|It's obvious, by now that TPTB are VERY nervous about their pedophile activities being exposed, so this thread is in line with keeping this topic alive. Now
20170215|http://www.youtube.com/watch?v=o5S6AuHxSY0|C;ON イベントオープニング映像 - YouTube|Video embedded L.SQUARE inc. 5,579 views. 2:21. FREAKS 35周年記念イベント オープニング映像 - Duration: 1:37. kngs113 688 views. 1:37.
20170215|http://www.youtube.com/watch?v=zsFWogAHRwY|4th FUSO Talks"Embracing the Future" - Peter|4th FUSO TalksEmbracing the Future - Peter David Pederson, Sustainability Expert FUSO Official. ... He is the co-founder of E-Square Inc
20170217|http://thepoliticsforums.com/threads/77112-Wayne-Allyn-Root|Wayne Allyn Root: - The Politics Forums|Super article by Wayne Allyn Root. He is spot on. Well ... Square Inc. Squarespace Inc. Strava Inc. Stripe Inc. SurveyMonkey Inc. TaskRabbit Inc.
20170219|http://www.youtube.com/watch?v=b0NJ2zTxErU|スナップ写真撮影+レタッチ+タイポグラフィー sample|Video embedded L.SQUARE inc. 16,062 views. 1:10. モーションタイポグラフィー「rage」 - Duration: 0:18. Aya Arimitsu 343 views. 0:18. 一眼レフ上達
20170224|https://www.investing.com/equities/square-inc-commentary|Square Inc (SQ) Stock Forums - Investing.com|Compiled here, all relevant comments and discussions regarding the SQ Stock.
20170310|http://www.youtube.com/watch?v=BM6ZMFgu2aA|square payment system - square review! credit card|Video embedded SQUARE INC. FRAUD!!! - Duration: 11:28. chuck miller 3,880 views. 11:28. Understanding Online Payments - Duration: 3:35.
20170430|http://www.youtube.com/watch?v=blYXI7mqz-o|Driving Downtown - San Francisco's Market|Driving Downtown Neighborhoods South Of Market - San Francisco California USA - Episode 22. Starting
20170504|http://stockaholics.net/threads/sq-square-inc.1690/|SQ - Square IncStockaholics|Square Inc is a Mobile payment service provider for small businesses. [IMG]
20170507|http://www.youtube.com/watch?v=ZVS2PWHv6-I|画伯たちの集い part7 - YouTube|Video embedded L.SQUARE inc. 5,579 views. 2:21. 世界一怖い ゆるキャラ - Duration: 0:57.
20170509|http://www.youtube.com/watch?v=Vr_ErgHiGHM|Square up Merchant Account - YouTube|Video embedded SQUARE INC. FRAUD!!! - Duration: 11:28. chuck miller 3,890 views. 11:28. 2 Easy 1Up Paypal Payment Alternatives: Stripe and
20170517|http://www.analystratings.com/2017/05/17/analysts-offer-insights-on-technology-companies-advanced-micro-devices-nasdaq-amd-and-square-inc-nyse-sq/|Analysts Offer Insights on Technology ... - Analyst Ratings|Analysts fell to the sidelines weighing in on Advanced Micro Devices (NASDAQ: AMD) and Square Inc (NYSE: SQ) with neutral ratings,indicating that the
20170517|http://www.analystratings.com/2017/05/17/stifel-nicolaus-believes-square-inc-nyse-sq-wont-stop-here/|Stifel Nicolaus Believes Square Inc (NYSE: SQ) Won’t|Stifel Nicolaus analyst Scott Devitt reiterated a Buy rating on Square Inc (NYSE: SQ) today and set a price target of $23. The company's shares closed yest
20170711|https://www.bloomberg.com/news/articles/2017-07-11/twitter-names-intuit-senior-vice-president-ned-segal-as-cfo|Twitter Names Former Goldman Sachs Banker Ned Segal|Watch video The appointment will help relieve pressure on Dorsey, who also is CEO at electronic payments company Square Inc., and Noto,
20170711|http://www.marketwatch.com/story/paypal-should-buy-square-analyst-says-and-square-hits-a-new-high-2017-07-11|PayPal should buy Square, analyst says, and Square hits|Shares of Square Inc. hit an all-time high Tuesday after an analyst at Loop Capital Markets suggested that PayPal Holdings Inc. should buy the company.
20170714|http://www.budget101.com/showthread.php/981062-Square-Cash-Send-and-Receive-Money-Square-Inc|Square Cash - Send and Receive Money - Square, Inc.|The Square Cash - Send and Receive Money - Square, Inc. App has been provided to you by Budget101.com
20170717|https://www.bibeypost.com/analysts-see-0-51-eps-for-engility-holdings-inc-egl-square-sq-shorts-increased-by-19-31/|Analysts See $0.51 EPS for Engility Holdings, Inc. (EGL|About 3.24 million shares traded. Square Inc (NYSE:SQ) has risen 107.40% since July 17, 2016 and is uptrending. It has outperformed by 90.70% the
20170718|https://seekingalpha.com/article/4088423-square-inc-startups-blue-chips|Square, Inc: From Startups To Blue Chips - Square, Inc|Square, Inc (NYSE: SQ) is a growing competitor in the consumer finance market that will break out due primarily to its lucratively growing business model.
20170720|http://www.foxbusiness.com/markets/2017/07/20/square-adds-shake-shack-ceo-to-board-directors.html|Square Adds Shake Shack CEO To Board Of Directors|Randy Garutti, chief executive of Shake Shack , has joined Square Inc.'s board of directors, Square announced Thursday.
20170720|http://www.pantagraph.com/business/investment/markets-and-stocks/better-buy-square-inc-vs-paypal/article_2600097e-f9fc-59b1-883d-75ed214738cb.html|Better Buy: Square, Inc. vs. PayPalMarketsStocks|Traditional payment systems are doing just fine, but disruption is in the air. A new paradigm is beginning to gain momentum, as evidenced by the two
20170720|https://www.fool.com/investing/2017/07/20/better-buy-square-inc-vs-paypal.aspx|Better Buy: Square, Inc. vs. PayPal -- The Motley Fool|Better Buy: Square, Inc. vs. PayPal The digital payments space has been hot recently, and these two players are in the best position to reap the benefits.
20170721|http://billingsgazette.com/business/investment/markets-and-stocks/better-buy-square-inc-vs-paypal/article_566aad9d-63c6-5ff1-bc3a-c0825f2b0fb3.html|Better Buy: Square, Inc. vs. PayPalMarketsStocks|Traditional payment systems are doing just fine, but disruption is in the air. A new paradigm is beginning to gain momentum, as evidenced by the two
20170721|http://www.schaeffersresearch.com/content/news/2017/07/21/analyst-this-pharmaceutical-stock-could-rally-40|Analyst: This Pharmaceutical Stock Could Rally 40%|Neuroderm stock, one of the top performers on Nasdaq today, is up 8% to trade at $33.45, a record high, after Deutsche Bank initiated coverage of
20170721|http://www.marketwatch.com/investing/stock/syf|SYF Stock Price - Synchrony Financial Stock Quote (U.S|Square Inc., the technology company best known for processing payments for small merchants across the U.S., is now angling to lend to consumers, too.
20170722|http://www.pantagraph.com/business/investment/markets-and-stocks/first-data-s-million-attempt-to-jumpstart-growth/article_b669d67b-3b60-514d-82b0-8db1f43a5a83.html|First Data's $750 Million Attempt to Jumpstart Growth|First Data Corp (NYSE: FDC) is struggling. In the fiercely competitive payment processing arena, rife with disruptive upstarts like Square Inc and deep
20170723|https://www.fool.com/investing/2017/07/23/the-three-best-stocks-in-fintech.aspx|The Three Best Stocks in Fintech -- The Motley Fool|Image source: Square Inc. Square is now reaching beyond its core competency to innovate in other areas of payments as well. For instance,
20170723|http://www.pantagraph.com/business/investment/markets-and-stocks/the-three-best-stocks-in-fintech/article_2fded17b-31f4-51fa-84e3-d0aa46c088aa.html|The Three Best Stocks in FintechMarketsStocks|Image source: Square Inc. Square is now reaching beyond its core competency to innovate in other areas of payments as well. For instance,
20170723|http://overnewsmagazine.com/2017/07/23/peoples-united-financial-inc-pbct-declares-quarterly/|People's United Financial, Inc. (PBCT) Declares Quarterly|Square, Inc. (NYSE:SQ) earnings have declined with a quarterly rate of 0% over the last 5 years. During the same quarter previous year,