20170630|http://fortune.com/2017/06/30/elon-musk-tesla-model-3-release-date/|Elon Musk Teases Tesla Model 3 Release Date|Tesla CEO Elon Musk says news on the Model 3, which is expected to retail $35,000 at lowest, is coming July 4th weekend.
20170628|https://speakerdeck.com/burcudurmusoglu/tesla-motors-strategic-audit|Tesla Motors- Strategic Audit // Speaker Deck|Tesla Motors- Strategic Audit by Burcu Durmusoglu. Published June 28, 2017 in Business. Burcu Durmusoglu. 6 Presentations. Star this Talk 0 Stars
20170628|https://www.youtube.com/watch?v=WkTJFat-ZHY|Tesla at Summerfest 2017 (LIVE) 2017 - YouTube|Tesla at Summerfest 2017 HD 1080p Date : June 2017 Watch Live Here : http://mcaf.ee/862vyw Subscribe My Channel
20170629|https://seekingalpha.com/article/4084910-tesla-redefines-home-energy|Tesla Redefines Home Energy - Tesla Motors|Green Mountain Power Corp. partners with its customers to begin installing Tesla Powerwall home batteries. Who are the winners and losers in the
20170628|https://www.yahoo.com/news/tesla-hardware-2-functions-autopilot-dont-143000323.html|Tesla Hardware 2: so what functions work in Autopilot|The expanded collection of sensors known as Hardware 2 continues to bring new and revamped features to the Tesla Model S and Model X electric cars.
20170628|http://doncorpwriters.com/2017/06/28/tesla-planning-double-network-superchargers-2017/|Tesla Planning to Double Network of Superchargers in|Elon Musk’s Tesla Motors (NASDAQ: TSLA) is planning to double the number of filling stations for electric cars it operates
20170628|https://www.trulia.com/rental/4025030744-1214-Tesla-Dr-Colorado-Springs-CO-80909|1214 Tesla Dr For Rent - Colorado Springs, CO  Trulia|1214 Tesla Dr, Colorado Springs, CO is a 4 bed, 2.5 bath, 2498 sq ft Single-family home available for rent in Colorado Springs, Colorado.
20170629|http://www.businessinsider.com/again-tesla-model-3-design-different-chevy-bolt-2017-6|How Tesla Model 3 design differs from Chevy Bolt|The Tesla Model 3 and the Chevy Bolt are both long-range, all-electric cars for the people, but they embody very different design philosophies.
20170628|https://www.dailypolitical.com/2017/06/28/tesla-inc-tsla-short-interest-update.html|Tesla Inc. (TSLA) Short Interest Update  Daily Political|Tesla Inc. (NASDAQ:TSLA) saw a large drop in short interest in the month of June. As of June 15th, there was short interest totalling 29,049,111 shares, a
20170628|https://www.fool.com/investing/2017/06/28/why-tesla-inc-is-moving-into-china.aspx|Why Tesla Inc Is Moving Into China -- The Motley Fool|Why Tesla Inc Is Moving Into China To reach the ambitious goal of 500,000 cars per year, Musk is going to have to make concessions as he enters a crucial
20170628|http://m.industryweek.com/continuous-improvement/tesla-will-have-tough-time-ramping-production-heres-why|Tesla Manufacturing Production Problems  Lean|In 2010, Tesla famously acquired the NUMMI plant previously owned jointly by GM and Toyota for the rock-bottom price of $42 million.
20170628|http://www.gospelherald.com/articles/71037/20170628/tesla-stores-now-sell-branded-solar-panels.htm|Tesla Stores Now Sell Tesla-Branded Solar Panels|Tesla Inc. has started to sell their very own brand of Tesla solar panels in their stores, and hope that these rebranded solar products will be an engine
20170629|http://www.jlaforums.com/viewtopic.php?t=377785236&start=50|Maybe OT Tesla - Page 6 - JLA FORUMS|Digital - Cameras, Printers and Scanners - In article <oj3hqq>, PAS <abc> wrote: Quote: there are numerous vehicles that cost about what a tesla
20170628|https://stockmarketlive.tv/2017/06/28/ken-blocks-gymkhana-nine-tesla-sell/|Ken Block’s GYMKHANA NINE: TESLA IS A SELL|After unloading Tesla investment position at $383 making the announcement on the Live Blog, the company established a new strategic partnership. Tesla new
20170628|http://diyreconditionbatteryez.com/Solar.Storage.Battery.Companies/TeslaSolarRoofBattery=cs2025.htm|# Tesla Solar Roof Battery - Discount Battery Candles|★ Tesla Solar Roof Battery - Discount Battery Candles 48v Club Car Ds 2 Gauge Battery Cables 07 Nissan Sentra Car Batteries
20170628|https://seekingalpha.com/article/4084582-problem-teslas-competition|The Problem With Tesla's Competition - Tesla Motors|Numerous companies have recently announced plans to electrify all or part of their fleets in hopes to compete with Tesla and satisfy the large demand for
20170630|https://www.eeweb.com/jobs/engineer-intern|Engineer Intern : Beijing at Tesla Motors  Electrical|Intern with excellent performance will have the opportunity to become permanent employee.
20170628|https://www.fool.com/investing/2017/06/28/tesla-motors-incs-most-brilliant-moves-in-2017-so.aspx|Tesla Motors, Inc.'s Most Brilliant Moves in 2017 So Far|Tesla Motors, Inc.'s Most Brilliant Moves in 2017 So Far Keeping investors looking to the future may be Elon Musk's real genius in business.
20170628|http://www.yankodesign.com/2017/06/28/neuroon-open-sleep-assistant/|Hack your Sleep like Nikola Tesla  Yanko Design|Nikola Tesla, Leonardo da Vinci, Salvador Dali, Thomas Edison, Napoleon Bonaparte, and Buckminster Fuller. Do you know what all
20170630|https://www.eeweb.com/jobs/data-engineering-internship-fall-2017|Data Engineering Internship (Fall 2017) : Palo Alto|Posted: 30-Jun-2017. Data Engineering Internship (Fall 2017) Tesla Motors
20170629|http://bgr.com/2017/06/29/bmw-vs-tesla-model-3-competitor/|BMW will unveil its new Model 3 competitor in September|Another luxury automaker keen on giving Tesla a run for its money is BMW. According to a new report from the German-language
20170628|https://www.yahoo.com/news/bmw-competing-tesla-introduce-electric-3-series-handelsblatt-183146480--finance.html|BMW, competing with Tesla, to introduce electric 3|FRANKFURT (Reuters) - BMW plans to introduce an electric version of its popular 3 Series in September, a move designed to fend off rival Tesla
20170628|https://www.glassdoor.com/Interview/Tesla-Equipment-Engineer-Interview-Questions-EI_IE43129.0,5_KO6,24.htm|Tesla Equipment Engineer Interview Questions  Glassdoor|4 Tesla Equipment Engineer interview questions and 1 interview reviews. Free interview details posted anonymously by Tesla interview candidates.
20170628|http://mashable.com/2017/06/28/porsche-driver-spins-out-racing-tesla/|Poor Porsche completely spins out trying to keep up|Here is something you probably thought you'd never see: a Porsche absolutely spinning out trying to keep up with a Tesla. A TESLA.
20170629|https://www.wealthdaily.com/articles/tesla-beating-microcap-registers-first-volume-order-for-powerwall-rival/8759|Tesla-Beating Microcap Registers First Volume Order for|Last week I wrote to you about a tiny tech company whose line of Powerwall-rivaling domestic energy storage units is now threatening Tesla's
20170628|http://www.theoptionsinsider.com/tesla-options-tracker-june-28-2017/|Tesla Options Tracker: June 28, 2017The Options Insider|The Tesla Options Tracker is a snapshot of all the $TSLA options info that you need to know. Most Active TSLA Options. 5588 TSLA
20170628|http://www.therepublic.com/2017/06/28/va-tesla-dealership/|Judge says auto dealer group can challenge Tesla|RICHMOND, Va. — A Richmond Circuit Court judge has ruled that an auto dealers’ group can challenge Virginia’s approval for electric car company Tesla
20170628|https://www.nettiauto.com/en/tesla/model-s/8920336|Tesla Model S P100D Ludicrous 922hv Autopilot2 Hinta|Nyt myynnissä Tesla Model S P100D Ludicrous 922hv Autopilot2 Hinta Sis.ALV 24% Tehdastakuu, 100 km, 2017 - Vantaa. Klikkaa tästä kuvat ja lisätiedot
20170628|http://investorplace.com/2017/06/tesla-inc-tsla-stock-model-3-oil-prices/|Will Oil Prices Spoil Tesla Inc's (TSLA) Model 3 Party|Tesla Inc (NASDAQ:TSLA), the leading EV manufacturer in the U.S., is slated to launch the final Model 3 sometime in July, a couple of weeks from now. Tesla
20170630|http://www.drivespark.com/four-wheelers/2017/bmw-3-series-electric-car-reveal-september-022847.html|Wants To Take On Tesla - drivespark.com|BMW wants to fend off Tesla in the electric car segment, and it will position its most popular 3 Series when the Bavarian luxury carmaker
20170628|http://diyreconditionbatteryez.com/NicdBatterySolarBatteryBackup/TeslaGiantSolarBattery=cs2017.html|# Tesla Giant Solar Battery - Nature Power Solar Battery|★ Tesla Giant Solar Battery - Nature Power Solar Battery Chargers 5 Watt Solar Panels For Battery Charging Waterproof Solar Battery Controller
20170628|https://www.prometheism.net/volvo-is-rivaling-tesla-with-their-own-driverless-car-futurism/|Volvo Is Rivaling Tesla With Their Own Driverless Car|Volvo Is Rivaling Tesla With Their Own Driverless Car – Futurism. Posted: June 28, 2017 at 5:43 am
20170628|http://www.wral.com/judge-says-auto-dealer-group-can-challenge-tesla-dealership/16789520/|Judge says auto dealer group can challenge Tesla|RICHMOND, Va. — A Richmond Circuit Court judge has ruled that an auto dealers' group can challenge Virginia's approval for electric car company Tesla to
20170630|http://www.investopedia.com/news/tesla-stock-gearing-model-3-launch/|Tesla Stock Is Gearing Up For The Model 3 Launch|Tesla Inc. (TSLA) could have an exciting first few days of July with the expected launch of the Model 3, its first mass-market electric car. Late Thursday
20170628|http://www.investopedia.com/news/tesla-could-be-living-room-wheels-music-streaming-tsla-aapl/|Tesla Could Be 'Living Room on Wheels' With Music|Could electric car maker Tesla, Inc. (TSLA) become a content company? That prospect may not sound that outlandish after a recent report by Morgan
20170629|http://www.orlandosentinel.com/classified/realestate/os-lake-nona-apartments-20170629-story.html|Tesla ride shares, micro units set for Lake Nona project|Pixon apartments in Lake Nona are set to include Tesla ride shares, micro units (Tavistock Development Group)
20170629|http://www.jlaforums.com/viewtopic.php?t=377785236&start=60|Maybe OT Tesla - Page 7 - JLA FORUMS|couldn't come close to the tesla, you mean. <http> We all understand acceleration. Its the rate of change of velocity. This 4,891-pound Tesla Model S
20170628|https://seekingalpha.com/article/4084554-tesla-drops-bomb-shareholders-owners|Tesla Drops A Bomb On Shareholders And Owners - Tesla|Well it is that time of quarter again and Tesla is in a last minute rush to move units out the door and off to customer garages. Just after midnight Monday
20170628|http://www.stocksgallery.com/2017/06/28/nabors-industries-ltd-nbr-is-at-8-03-per-share-and-tesla-inc-tsla-is-listed-at-362-37/|Nabors Industries Ltd. (NBR) is at $8.03 per share and|Hot Stocks; Nabors Industries Ltd. (NBR) is at $8.03 per share and Tesla, Inc. (TSLA) is listed at $362.37
20170630|http://www.financialexpress.com/auto/car-news/bmw-readying-an-all-electric-car-to-take-on-teslas-model-3/742652/|BMW readying an all-electric car to take on Tesla's|Auto; Car News; BMW readying an all-electric car to take on Tesla’s Model 3; BMW readying an all-electric car to take on Tesla’s