20170629|https://seekingalpha.com/article/4084910-tesla-redefines-home-energy|Tesla Redefines Home Energy - Tesla Motors|Green Mountain Power Corp. partners with its customers to begin installing Tesla Powerwall home batteries. Who are the winners and losers in the
20170626|http://247wallst.com/autos/2017/06/26/has-tesla-got-enough-to-fund-its-model-3/|Tesla Finds New Funding for Model 3 (NASDAQ: TSLA)|Tesla is looking for funding again. This is the second time in roughly six months that Elon Musk is trying to power his electric car.
20170627|http://www.businessinsider.com/tesla-stock-price-music-streaming-elon-musk-2017-6|Tesla music streaming would make sense, Morgan|Tesla, the electric-car and energy-storage company, could become the next big music-streaming service.
20170628|https://seekingalpha.com/article/4084554-tesla-drops-bomb-shareholders-owners|Tesla Drops A Bomb On Shareholders And Owners - Tesla|Well it is that time of quarter again and Tesla is in a last minute rush to move units out the door and off to customer garages. Just after midnight Monday
20170629|https://www.wealthdaily.com/articles/tesla-beating-microcap-registers-first-volume-order-for-powerwall-rival/8759|Tesla-Beating Microcap Registers First Volume Order for|Last week I wrote to you about a tiny tech company whose line of Powerwall-rivaling domestic energy storage units is now threatening Tesla's
20170627|https://seekingalpha.com/article/4084233-high-multiples-negative-earnings-proving-toxic-tesla|High Multiples, Negative Earnings Proving To Be Toxic|Tesla's negative earnings are proving to be toxic for a fundamental investor as its earnings yields fail to beat interest rates. Tesla's valuation trading
20170627|https://www.fool.com/investing/2017/06/27/tesla-inc-starts-selling-tesla-branded-solar-panel.aspx|Tesla, Inc. Starts Selling Tesla-Branded Solar Panels in|Tesla, Inc. Starts Selling Tesla-Branded Solar Panels in Its Stores Tesla hopes its rebranded solar products will drive revenue and cost synergies.
20170628|http://investorplace.com/2017/06/tesla-inc-tsla-stock-model-3-oil-prices/|Will Oil Prices Spoil Tesla Inc's (TSLA) Model 3 Party|Tesla Inc (NASDAQ:TSLA), the leading EV manufacturer in the U.S., is slated to launch the final Model 3 sometime in July, a couple of weeks from now. Tesla
20170629|http://investorplace.com/2017/06/buy-tesla-inc-tsla-try-this-undervalued-auto-stock-instead/|Buy Tesla? Try Undervalued BMW Instead (BMWYY)|Buy Tesla Inc (TSLA)? Try This Undervalued Auto Stock Instead. Don't buy Tesla at today's high prices when high-tech luxury automaker BMW can be had
20170626|https://www.washingtonpost.com/news/the-switch/wp/2017/06/23/tesla-wants-to-develop-its-own-music-service/|Tesla reportedly wants to develop its own music service|It may not be enough for the electric-car company Tesla to take on the giants of Detroit, like General Motors and Ford. The Palo Alto-based automaker is
20170626|https://seekingalpha.com/article/4083940-tesla-grapples-gargantuan-regulatory-state|Tesla Grapples With The Gargantuan Regulatory State|Tesla is facing an array of regulatory issues which must be resolved before mass production and commercialization of autonomous, electric vehicles can
20170626|https://seekingalpha.com/article/4084022-tesla-case-missing-inventory|Tesla And The Case Of Missing Inventory - Tesla Motors|Proper inventory management at Tesla appears to be a continuing issue that's getting worse. Units are sitting at delivery centers for weeks before appearing on
20170626|https://www.bloomberg.com/news/articles/2017-06-26/tesla-effect-boosts-shares-of-little-known-lithium-salt-supplier|Tesla's Needs Transformed This Obscure Japanese|Tesla Inc.’s ambitions grew and China tried to cut its greenhouse emissions with plans to put millions of cars on the road that use little or no gasoline.
20170626|http://www.businessinsider.com/tesla-chris-lattner-explains-how-car-data-is-used-2017-6|Ex-Tesla exec Chris Lattner explains how car data is used|Tesla ramped up its efforts to become a big data company under Chris Lattner, one of Apple's most famous developers who left the electric carmaker last
20170626|http://www.businessinsider.com/i-drove-my-first-tesla-six-years-ago-and-i-just-drove-the-same-car-again-2017-6|Tesla Roadster: REVIEW - Business Insider|Brings me back. Matthew DeBord/Business Insider. You never forget your first Tesla. In 2010, right after the company had survived a near-death experience
20170627|https://www.fool.com/investing/2017/06/27/tesla-inc-to-announce-q2-deliveries.aspx|Tesla, Inc. to Announce Q2 Deliveries: What to Expect|Tesla, Inc. to Announce Q2 Deliveries: What to Expect Are Model 3 pre-orders cannibalizing some Model S sales?
20170628|https://www.youtube.com/watch?v=WkTJFat-ZHY|Tesla at Summerfest 2017 (LIVE) 2017 - YouTube|Tesla at Summerfest 2017 HD 1080p Date : June 2017 Watch Live Here : http://mcaf.ee/862vyw Subscribe My Channel
20170626|https://www.vox.com/the-big-idea/2017/6/26/15872468/tesla-gm-ford-valuation-justifying-disruption|Why Tesla is overhyped — and overvalued - Vox|Recently, Tesla’s valuation surpassed both Ford’s and General Motors’. BMW is among the other major carmakers in the rearview mirror. The logic of
20170628|http://investorplace.com/2017/06/wednesday-vital-data-nvidia-corporation-nvda-tesla-inc-tsla-alibaba-group-holding-ltd-baba/|Wednesday’s Vital Data: Nvidia Corporation (NVDA), Tesla|Nvidia (NVDA) pressured by cryptocurrencies, Tesla (TSLA) options traders nervous ahead of report and JPMorgan bullish on Alibaba (BABA).
20170630|http://www.drivespark.com/four-wheelers/2017/bmw-3-series-electric-car-reveal-september-022847.html|Wants To Take On Tesla - drivespark.com|BMW wants to fend off Tesla in the electric car segment, and it will position its most popular 3 Series when the Bavarian luxury carmaker reveals the
20170628|https://www.fool.com/investing/2017/06/28/why-tesla-inc-is-moving-into-china.aspx|Why Tesla Inc Is Moving Into China -- The Motley Fool|Why Tesla Inc Is Moving Into China To reach the ambitious goal of 500,000 cars per year, Musk is going to have to make concessions as he enters a crucial
20170627|http://www.businessinsider.com/tesla-model-3-elon-musk-electric-car-vehicle-2017-6|Tesla's Model 3 is coming in July — here's everything|Tesla is gearing up for the big reveal of the Model 3, its first mass-market car. CEO Elon Musk unveiled the car in March of 2016, but Tesla
20170629|http://www.businessinsider.com/again-tesla-model-3-design-different-chevy-bolt-2017-6|How Tesla Model 3 design differs from Chevy Bolt|The Tesla Model 3 and the Chevy Bolt are both long-range, all-electric cars for the people, but they embody very different design philosophies.
20170627|http://investorplace.com/2017/06/tesla-inc-tsla-stock-bubble/|Tesla Inc (TSLA) Stock Is a Bubble Stock, Plain and|Tesla may or may not make money some day, but right now, TSLA stock is in a bubble, far removed from fundamental analysis.
20170628|https://www.fool.com/investing/2017/06/28/tesla-motors-incs-most-brilliant-moves-in-2017-so.aspx|Tesla Motors, Inc.'s Most Brilliant Moves in 2017 So Far|Tesla Motors, Inc.'s Most Brilliant Moves in 2017 So Far Keeping investors looking to the future may be Elon Musk's real genius in business.