20130103|http://forum.snows.ru/showthread.php?page=5&t=11255|forum.snows.ru|А для тя че уже времена года проходят перед глазами равнодушно?? ты не радуешся пилять
20130105|http://forum.snows.ru/showthread.php?page=6&t=11397|forum.snows.ru|Я тут кстати из интереса наскринел ростовки досок у фрирайдеров FWT 2013, ну и чё, обычные
20130105|http://castboolits.gunloads.com/showthread.php?177434-Homemade-Pan-Lube|Homemade Pan Lube - Gunloads.com|Cast Boolits ... Remember Me? Help
20130301|http://forum.snows.ru/showthread.php?t=7089|forum.snows.ru|Что за чудо карандаш???дайте название.И феном(профессиональным) можно его плавить.Хочу
20130315|https://bobistheoilguy.com/forums/ubbthreads.php/topics/2939201/3|5W30 instead of 0W20  Passenger Car Motor Oil (PCMO|... BOB IS THE OIL GUY » Forums » Lubrication and General Automotive » Passenger Car Motor Oil ... by Virtus_Probi 05/31/17 07:00 AM: Duplicated pages.
20130316|http://castboolits.gunloads.com/showthread.php?190645-Vent-reloading-equipment-stolen|Vent: reloading equipment stolen - Cast Boolits|Vent: reloading equipment stolen; ... cattle and sheep for years as well as being in oil field construction business. ... Gas Check Powered by
20130401|https://www.bobistheoilguy.com/forums/ubbthreads.php/posts/2950881|Stihl Chainsaw - Bob is the Oil Guy|You are not logged in. BOB IS THE OIL GUY » Forums » Motorcycles, Boating ... by Virtus_Probi Today at 09:41 AM: When's the last time you seen one of
20130411|https://www.bobistheoilguy.com/forums/ubbthreads.php/topics/2969093/Piston_Soak|Piston Soak  Lawn Mower and Small Engine  Bob Is The Oil Guy|You are not logged in. BOB IS THE OIL GUY » Forums » Motorcycles, Boating, Small Engine, Aviation, Power ... by Virtus_Probi 05/24/17 09:41 AM:
20130411|http://forum.snows.ru/showthread.php?page=3&t=11427|forum.snows.ru|Понятно. Просто по посту Павла я предположил, что может при заказе борда они проводят
20130412|http://forum.snows.ru/showthread.php?t=12053|forum.snows.ru|Девочки , не знала в какую темку тыкнуться и создала новую, если что ткните меня если я не
20130509|http://www.subaruforester.org/vbulletin/f89/first-gear-engages-two-steps-159641/|('03-'05) First gear engages in two steps..? - Subaru|If I hit the gas before I feel the second engagement, ... 2014+ Forester XT Oil... Today 01:11 PM by Virtus_Probi. 0.
20130509|https://www.bobistheoilguy.com/forums/ubbthreads.php?ubb=showflat&Number=2997606|Pennzoil Platinum now the same as Ultra?  Passenger|You are not logged in. BOB IS THE OIL GUY » Forums » Lubrication and General Automotive » Passenger Car Motor Oil (PCMO ... by Virtus_Probi 05/24/17
20130512|http://forum.snows.ru/showthread.php?page=29&t=12036|forum.snows.ru|При использовании материалов не забывайте ставить ссылку на сайт Мнение авторов может не
20130608|https://www.bobistheoilguy.com/forums/ubbthreads.php/posts/3331534|Any Info FL500S  Engine Oil Filters  Bob Is The Oil Guy|You are not logged in. BOB IS THE OIL GUY » Forums » Filtration » Engine Oil Filters » Any Info FL500S Register ... by Virtus_Probi 05/24/17 09:41 AM:
20130702|http://forum.snows.ru/showthread.php?page=2&t=8491|forum.snows.ru|При использовании материалов не забывайте ставить ссылку на сайт Мнение авторов может не
20130702|http://forum.snows.ru/showthread.php?t=11070|forum.snows.ru|Маски абсолютно новые, в коробках. В комплекте 2 линзы, белый мешочек для хранения и
20130703|http://forum.snows.ru/showthread.php?page=2&t=11316|forum.snows.ru|Ссыли на описание к сожалению нет. На форумах про них не очень много написано, но инфа есть
20130723|http://castboolits.gunloads.com/showthread.php?207372-How-Can-You-Fix-A-LEE-Production-Pot-IV-quot-Dribble-quot|How Can You Fix A LEE Production Pot IV Dribble|How Can You Fix A LEE Production Pot IV Dribble ? ... wipe any excess oil off, ... Gas Check Powered by
20130827|http://castboolits.gunloads.com/showthread.php?19009-Where-to-buy-Lanolin|Where to buy Lanolin - Cast Boolits|Where to buy Lanolin; ... general cleaning etc. also really good for shiny up a nice oil finished stock. ... Gas Check : Powered by vBulletin
20130827|https://www.bobistheoilguy.com/forums/ubbthreads.php/topics/3106476/TC-W3_in_Stihl_Chainsaw|TC-W3 in Stihl Chainsaw? - Bob is the Oil Guy|You are not logged in. BOB IS THE OIL GUY » Forums » Motorcycles, Boating ... by Virtus_Probi Today at 09:41 AM: When's the last time you seen one of
20131002|http://forum.snows.ru/showthread.php?page=4&t=10333|forum.snows.ru|Нет идеальных советуемых углов для сноуборда. Нужно просто уяснить такой момент, что углы
20131021|http://www.homebrewtalk.com/showthread.php?t=438351|Where do you brew? - Home Brew Forums|Oil City, Pennsylvania. Posts: ... Virtus Junxit mors non separabit ... I use about a 1/3 less gas when I brew in my garage as opposed to my back patio.
20131108|http://www.youtube.com/watch?v=RU7h2lFq8Ds|Biosci Christmas Dash Route Vid - YouTube|Video embedded Standard YouTube License; Music ... VIRTUS OIL AND GAS VOIL Penny Stock News - Duration: ... Cabot Oil Gas Corporation
20131209|https://www.bobistheoilguy.com/forums/ubbthreads.php/topics/3210558/2|Tecumseh oversize piston  Lawn Mower and Small|You are not logged in. BOB IS THE OIL GUY » Forums » Motorcycles, Boating, Small ... by Virtus_Probi Today at 11:55 AM: Fram TG8A 5k Miles Cut Open
20140212|http://forum.snows.ru/showthread.php?t=13355|forum.snows.ru|Может кто сталкивался с проблемой что на одном из ботинков периодически не горят диоды
20140303|http://forum.snows.ru/showthread.php?t=12688|forum.snows.ru|При использовании материалов не забывайте ставить ссылку на сайт Мнение авторов может не
20140324|http://www.subaruforester.org/vbulletin/f89/cvt-learn-love-242474/index9.html|The CVT: Learn it and Love it - Page 9 - Subaru Forester|Virtus_Probi is offline Quote. post #130 of ... Great gas mileage ... and it had no oil filter.
20140324|http://www.subaruforester.org/vbulletin/f62/14-fxt-how-correctly-launch-thing-172697/index2.html|'14 FXT - How to correctly launch this thing? - Page 2|... How to correctly launch this thing ... Last edited by Virtus_Probi; ... My oil temp gauge was reading around 130 degrees after 2+ minutes of idle warm up
20140330|http://scooterdoc.proboards.com/thread/9625/rotella-sill-good-oil|Rotella is sill a good oil!  Scooter Doc Forum|Rotella is sill a good oil! By twowheeler ... Virescit Vulnere Virtus! cyborg. PM cyborg; ... 2t oil mixes with gas.
20140502|http://forum.snows.ru/showthread.php?t=12536|forum.snows.ru|Не нашёл на форуме в ближайших темах такого. Суть вопросов: Удобство и целесообразность
20140511|https://www.bobistheoilguy.com/forums/ubbthreads.php/topics/3369043/4L60E_slip_yoke_tailshaft_seal|4L60E slip yoke tailshaft seal whine. - Bob is the Oil Guy|... BOB IS THE OIL GUY » Forums » Lubrication and General Automotive » Mechanical/Maintenance Forum » 4L60E slip ... by Virtus_Probi
20140513|http://www.subaruforester.org/vbulletin/f207/si-drive-280761/index3.html|SI-Drive - Page 3 - Subaru Forester Owners Forum|Virtus_Probi. Forum Member . Join Date: Mar 2014. ... More air in, more gas is burnt etc ... Break-in oil question.
20140605|http://forum.snows.ru/showthread.php?t=12801|forum.snows.ru|Привет всем! Организуем летние сноуборд лагеря в Les deux Alpes, Франция (www.2alpes.com/, www.2alpes-snowpark.com
20140705|http://forum.snows.ru/showthread.php?t=11448|forum.snows.ru|Сабж - Burton Imperial, сезона 2012. Катаны 1 сезон, состояние - отличное. Жесткость - 7. Размер - 42 (US 9
20140714|http://www.youtube.com/watch?v=8gcHYQVpVUI|Industry Ops Planner - YouTube|Industry Ops Planner was born from the need to more efficiently identify viable suppliers for upstream oil gas ... Industry Ops Planner ... Virtus
20140817|http://www.subaruforester.org/vbulletin/f207/14-forester-xt-threw-check-engine-light-questions-363202/|'14 Forester XT Threw Check Engine Light - Questions|...  '14 Forester XT Threw Check Engine Light ... '14 Forester XT Threw Check Engine Light - Questions. ... The manager there did suggest to check the gas
20140912|http://www.youtube.com/watch?v=mIkmIq3Tpfw|Alkame Holdings Update (ALKM) Stock News|Alkame Holdings Update (ALKM) Stock News 9/12/14 Hotstocked Videos. Loading ... VIRTUS OIL AND GAS
20140912|http://forum.snows.ru/showthread.php?page=2&t=13343|forum.snows.ru|Технический перерыв: 16:00 - 17:00 Смотри, а то на час-полтора приедешь и будешь потом курить еще
20141002|http://www.akfiles.com/forums/showthread.php?p=2164831|HOW TO REGISTER AND GET APPROVED FOR THE FORUM - akfiles.com|The AK Files Forums  General Forums  Gunsmithing  Build It Yourself: AK Wood Refinishing threads merged here
20141002|http://forum.snows.ru/showthread.php?t=12575|forum.snows.ru|Всем привет! Никак не могу осознать, почему мне дискомфортнее делать дугу на заднем канте
20141101|http://forum.snows.ru/showthread.php?page=6&t=12336|forum.snows.ru|Сашка в личку мне как-то писал об этом... причем сказал, что сам толком не покатался из-за
20141124|http://castboolits.gunloads.com/showthread.php?258234-Ultrasonic-brass-cleaning|Ultrasonic brass cleaning - Cast Boolits|Ultrasonic brass cleaning ? ... 40% unsalted crisco shortening, 5% canola or olive oil, ... Gas Check : Powered by vBulletin
20141124|http://www.youtube.com/watch?v=y8GUoLWgESg|Dewmar International DEWM Stock News|Dewmar International DEWM Stock News Hotstocked Videos. Loading ... Virtus Oil and Gas VOIL
20141220|http://www.subaruforester.org/vbulletin/f88/fuel-consumption-increased-after-full-flushed-transmission-fluid-422017/|('09-'13) Fuel consumption increased after full-flushed|Before the full-flush, I did oil change, spark. Subaru Forester Owners Forum Google search; VB search; Search; Home; Forums . Forums; General Forums.
20141220|http://www.subaruforester.org/vbulletin/f88/new-2015-subaru-forester-xt-owner-lots-419985/|('14+) New 2015 Subaru Forester XT owner lots of|... New 2015 Subaru Forester XT owner lots of???? ... but i would wait until you are over 150 degree oil temp before driving too ... What octane gas should I
20150103|http://castboolits.gunloads.com/showthread.php?262419-Home-made-bore-cleaner|Home made bore cleaner??? - Gunloads.com|Anybody have any recipe's they'd be willing to share for home made bore cleaner fluid? ... turpentine, Pratts Astral Oil and sperm oil, ... Gas Check
20150103|http://forum.snows.ru/showthread.php?page=5&t=13311|forum.snows.ru|Пока к Максимум только по выходным, в будни не успеваю(( Их оставлю на обычные заезды
20150110|https://www.bobistheoilguy.com/forums/ubbthreads.php/topics/3594118/Tegger|Mechanical/Maintenance Forum - Bob is the Oil Guy|... BOB IS THE OIL GUY » Forums » Lubrication and General Automotive » Mechanical/Maintenance Forum » CV Axle Boot grease ... by Virtus_Probi 05/24/17
20150110|http://www.wranglerforum.com/f274/washing-up-your-jeep-1039265.html|Washing up your Jeep - Jeep Wrangler Forum|Remember, she's your baby so use baby wash for the outside and finish it off with baby oil. Baby wipes for the interior....oh, sorry, need to get off the parenting
20150125|http://www.akfiles.com/forums/showthread.php?t=69567&page=67|We need an offical AK pic thread - Page 67 - The AK Files|HOW TO REGISTER AND GET APPROVED FOR THE FORUM 1. ... Virtus Sola Nobilitas. Vendor ... I did put a red stain on the wood plus 3 or 4 coats of tung oil
20150125|https://www.bobistheoilguy.com/forums/ubbthreads.php/topics/3610550/Anyone_mixing_moly_and_antimon|Anyone mixing moly and antimony  OTC and Third Party Oil|... BOB IS THE OIL GUY » Forums » Fuels / Fuel  Oil Additives » OTC and Third Party Oil Additives » Anyone mixing ... by Virtus_Probi Today at 07:00 AM
20150216|https://www.bobistheoilguy.com/forums/ubbthreads.php/posts/3624623|Any Canadians try this GDI fuel ... - Bob is the Oil Guy|You are not logged in. BOB IS THE OIL GUY » Forums » Fuels / Fuel  Oil Additives » Fuels and Fuel Additives: ... by Virtus_Probi 05/24/17 09:41 AM:
20150301|http://forum.snows.ru/showthread.php?t=12678|forum.snows.ru|Добрый день! товарищи! тут новенький. и на форуме и осваиваю доску. легко освоил задний кант
20150308|http://forum.snows.ru/showthread.php?page=3&t=14369|forum.snows.ru|Всем привет! Еще раз всем спасибо за советы! В общем моя дощечная эпопея привела вот к чему
20150317|http://akfiles.com/forums/showthread.php?t=216558|Well, today has been interesting! - The AK Files Forums|HOW TO REGISTER AND GET APPROVED FOR THE FORUM 1. Follow Directions: Many accounts are deleted simply because the person registering didn't
20150317|http://www.akfiles.org/forums/showthread.php?p=2503835|Well, today has been interesting! - The AK Files Forums|Well, today has been interesting! General Discussion ... HOW TO REGISTER AND GET APPROVED FOR THE FORUM 1. Follow Directions: Many
20150323|https://www.bobistheoilguy.com/forums/ubbthreads.php/topics/3675339/1|Car starts smoking after oil change  Passenger Car|by Virtus_Probi 05/24/17 09:41 AM: ... After putting about 500 miles on the new oil I had to leave for a business trip for 2 weeks and the car sat without being
20150412|http://www.youtube.com/watch?v=b4zI5GoO3u0|Sector 600 adventure - YouTube|Video embedded ... free download at http://ezvid.com UNK adventure through 600 and it's surrounding sector ... VIRTUS OIL AND GAS VOIL Penny Stock
20150502|https://bobistheoilguy.com/forums/ubbthreads.php/topics/3673436/Garage_sale_finds|Garage sale finds  General and Off Topic  Bob Is The Oil|... BOB IS THE OIL GUY » Forums » General and Off Topic » General and Off Topic » Garage sale finds ... by Virtus_Probi 05/31/17 07:00 AM: Duplicated
20150523|https://www.bobistheoilguy.com/forums/ubbthreads.php/topics/3738659/Re:_Milesyn_SXR-_bulk_oil_any_|Milesyn SXR- bulk oil any good?  Passenger Car Motor Oil|... BOB IS THE OIL GUY » Forums » Lubrication and General Automotive » Passenger Car Motor Oil ... by Virtus_Probi 05/31/17 07:00 AM:
20150617|https://bobistheoilguy.com/forums/ubbthreads.php/topics/3763585/john_deere_surging_still|john deere surging still  Lawn Mower and Small Engine|You are not logged in. BOB IS THE OIL GUY » Forums » Motorcycles, Boating, Small Engine, Aviation ... by Virtus_Probi 05/31/17 07:00 AM: Duplicated
20150710|https://www.bobistheoilguy.com/forums/ubbthreads.php/topics/3699384/2|Redline 10w-40 motorcycle oil 2013 Victory CC Tour|You are not logged in. BOB IS THE OIL GUY » Forums » Oil Analysis Reports » Used Oil Analysis ... by Virtus_Probi Today at 07:00 AM: Duplicated
20150801|http://forum.snows.ru/showthread.php?page=2&t=5841|forum.snows.ru|Сегодня возил в сервис доску, откручивал упомянутые здесь Burton Co2 и обнаружил, что один
20150805|http://www.akfiles.com/forums/showthread.php?p=2732141|HOW TO REGISTER AND GET APPROVED FOR THE FORUM - The AK Files|Zastava PAP M77 .308 NATO AK-47s ... The AK Files Forums  Rifle Forums  AK-47s: Zastava PAP M77 .308 NATO
20150809|http://forum.snows.ru/showthread.php?page=2&t=14546|forum.snows.ru|А может просто наше понятие 'приличности' поменялось? Те же блэкфаиры паладины, думаю
20150811|https://www.bobistheoilguy.com/forums/ubbthreads.php/topics/1835056/6|Composition of Marvel Mystery Oil  OTC and Third|Does mmo in oil or gas harm cat ?? by wantboost ... by Virtus_Probi ... Composition of Marvel Mystery Oil [Re:
20150917|http://www.subaruforester.org/vbulletin/f207/mobil-delvac-1-le-5w30-520185/|('14+) Mobil Delvac 1 LE 5W30? - Subaru Forester|Just realized that Mobil has this heavy duty diesel oil on the market and ... Mobil Delvac 1 LE 5W30? ... I have used Delvac several times in my Ford Ranger gas
20151029|http://www.akfiles.com/forums/showthread.php?t=210475|DIY cheapskate Build Tools.... - The AK Files Forums|HOW TO REGISTER AND GET APPROVED FOR THE FORUM 1. ... Virtus Sola Nobilitas. Vendor ... The ESAB MIG I was using would not turn on the gas
20151110|http://forum.snows.ru/showthread.php?t=14737|forum.snows.ru|Примерная стоимость поездки (округлены в большую сторону) на 6 дней в Шерегеш. Будет круто
20151112|http://forum.snows.ru/showthread.php?page=5&t=15191|forum.snows.ru|Канта сейчас нет как альтернативы. Тяги работать 100% будут. С 9 утра, но не знают, до какого
20151215|http://www.akfiles.com/forums/showthread.php?t=245620&page=2|No shit, there I was..... - Page 2 - The AK Files Forums|Page 2- No shit, there I was..... General Discussion ... HOW TO REGISTER AND GET APPROVED FOR THE FORUM 1. Follow Directions: Many
20160116|https://www.bobistheoilguy.com/forums/ubbthreads.php/posts/3974102|I just thought I would share this bit - Bob is the Oil Guy|You are not logged in. BOB IS THE OIL GUY » Forums » Lubrication and General Automotive » Passenger Car Motor Oil (PCMO ... by Virtus_Probi Today at
20160221|https://www.bobistheoilguy.com/forums/ubbthreads.php/topics/4017449/Re:_Oil_filtration_and_circula|Oil filtration and circulation question  Passenger Car|You are not logged in. BOB IS THE OIL GUY » Forums » Lubrication and General Automotive » Passenger Car Motor Oil (PCMO) ... by Virtus_Probi
20160221|http://www.akfiles.org/forums/showthread.php?t=253012|WASR Rear Sight Block (now with range report) - The AK|The AK Files Forums  Rifle Forums  AK-47s: WASR Rear Sight Block (now with range report)
20160229|https://www.bobistheoilguy.com/forums/ubbthreads.php/topics/4025694/Aftermarket_remote_start-still|Aftermarket remote start-still use factory remote|... BOB IS THE OIL GUY » Forums » Lubrication and General Automotive » Mechanical ... by Virtus _Probi 03/17/17 08:12 ... Aftermarket remote start-still use
20160318|https://www.bobistheoilguy.com/forums/ubbthreads.php/topics/3994862/SkyXSteel|Chevron Techron Concentrate Plus - Bob is the Oil Guy|... BOB IS THE OIL GUY » Forums » BITOG Site Sponsors » Support Our Sponsors » Chevron Techron Concentrate Plus ... Virtus_Probi Registered:
20160410|http://forum.snows.ru/showthread.php?t=16354|где найти линзы на OAKLEY FLIGHT DECK? - Сноуборд|Добрый день! Подскажите, пожалуйста, где я могу купить линзу Prizm Black Iridium для маски Oakley Flight Deck?
20160410|https://www.bobistheoilguy.com/forums/ubbthreads.php/topics/4064405/Beater_Aveo_-_Worth_It|Beater Aveo - Worth It?  Vehicles  Bob Is The Oil Guy|... BOB IS THE OIL GUY » Forums » General and Off Topic » Vehicles » Beater Aveo - Worth It? ... by Virtus_Probi 05/31/17 ... When should I change the oil
20160515|https://www.bobistheoilguy.com/forums/ubbthreads.php/posts/4097836|Volvo XC 60 Oil Recomendation - Bob is the Oil Guy|... BOB IS THE OIL GUY » Forums » Lubrication and General Automotive » European and Import Motor Oils » Volvo XC 60 Oil Recomendation ... by Virtus
20160517|http://castboolits.gunloads.com/showthread.php?307108-homemade-penetrating-oil|homemade penetrating oil - Gunloads.com|homemade penetrating oil; ... Pro Patria-Ne Desit Virtus. 05-17-2016, 06:34 PM #6. 376Steyr. ... Gas Check : Powered by vBulletin
20160607|http://www.subaruforester.org/vbulletin/f151/2017-acura-rdx-base-2017-forester-604010/|2017 Acura RDX base or 2017 Forester? - Subaru Forester|Gas mileage is a big consideration ... Virtus_Probi. Forum Member . Join Date ... Mine has needed no maintenance at all in 63K other than oil changes and air
20160619|https://www.bobistheoilguy.com/forums/ubbthreads.php/topics/4128915/Why_is_5k_the_standard_for_con|Why is 5k the standard for conventional? - Bob is the Oil Guy|You are not logged in. BOB IS THE OIL GUY » Forums » Lubrication and General Automotive » Passenger Car Motor Oil (PCMO ... by Virtus_Probi Today at
20160623|https://www.bobistheoilguy.com/forums/ubbthreads.php/posts/4131979|what do you think about Brian Tracy - Bob is the Oil Guy|... BOB IS THE OIL GUY » Forums » General and Off Topic » General and Off Topic » what do you think about Brian Tracy ... by Virtus_Probi 9 minutes 11
20160704|https://www.bobistheoilguy.com/forums/ubbthreads.php/topics/4143156/Re:_Russian_harassment_of_US_N|Russian harassment of US Naval vessels - Bob is the Oil Guy|... BOB IS THE OIL GUY » Forums » General and Off Topic » General and Off Topic » Russian harassment ... by Virtus_Probi 05/19/17 11:55 AM: Fram TG8A
20160728|https://www.bobistheoilguy.com/forums/ubbthreads.php/topics/4157213/all/New_VW_vs_Used_Honda......|New VW vs Used Honda......  Vehicles  Bob Is The Oil Guy|Because some one knew someones aunt's uncles brothes cousin that have a volkswagen and the oil ... that drives great and gets very good gas ... New VW vs Used Honda
20160805|http://www.youtube.com/watch?v=ltNym-aOPi0|08-05-2016 StockRing : BUY 36 CHEAPEST stocks right|Video embedded Generated by Android App: https://play.google.com/store/apps/details?id=com.stockring.stockringandroidapp
20160805|http://www.subaruforester.org/vbulletin/f207/carbon-buildup-cleaning-fa20dit-576634/index7.html|('14+) Carbon buildup and cleaning on FA20DIT - Page 7|HORIZON/Amsoil will see the low flashpoint and run the oil through a gas chromatograph and tell you the exact ... Virtus_Probi is offline Quote. post
20160810|https://www.bobistheoilguy.com/forums/ubbthreads.php/topics/4170565/all/Techron_vs_Techron|Techron vs Techron - Bob is the Oil Guy|... but it seems it was the average size gas tank). ... G-Oil Syn 5W-30, ... Virtus_Probi Registered: 06/25/15 Posts:
20160826|https://bobistheoilguy.com/forums/ubbthreads.php/topics/4181799/Re:_Who_blends_Mercedes-Benz_A|Who blends Mercedes-Benz AMG 0W-40?  European|... BOB IS THE OIL GUY » Forums » Lubrication and General Automotive » European and Import Motor Oils » Who ... by Virtus_Probi 35 minutes 33 seconds ago:
20160829|http://www.youtube.com/watch?v=xzcYayocYjc|Executive Series 29 Aug 16: Beach Energy (BPT)|Tom Piotrowski speaks with Beach Energy (BPT) CEO, Matt Kay about his decision to ... Executive Series 29 Aug 16: Beach ... 10month low for oil
20160901|https://www.bobistheoilguy.com/forums/ubbthreads.php/topics/4188016/all/Fram_PH3600_Orange_Can_Cut_and|Fram PH3600 Orange Can Cut and Post  Engine Oil|... BOB IS THE OIL GUY » Forums » Filtration » Engine Oil Filters » Fram PH3600 Orange Can Cut ... Does mmo in oil or gas harm cat ?? by ... by Virtus
20161023|https://bobistheoilguy.com/forums/ubbthreads.php/topics/4230582/Zacne_wheels_in_the_UK|Zacne wheels in the UK  Tires  Wheels  Bob Is The Oil|... BOB IS THE OIL GUY » Forums » Lubrication and General Automotive » Tires  Wheels » Zacne wheels in the UK ... by Virtus_Probi ... (sprinklers not oil
20161026|http://www.treasurenet.com/forums/what/519150-help-button-id-needed-soldier-holding-staff-sword-3.html|[SOLVED] Help with button ID needed - soldier holding|Oil Gas Prices; Classifieds; ... I had a thought that since the figure on the button is similar to Virtus ... Help with button ID needed - soldier holding staff
20161026|http://www.youtube.com/watch?v=MXLzpRrIMJ4|3am Clauses and How to Make the Right Choices:|... Overview and Recap Shepwedd. Loading ... Oil Gas: Case Law Update - Duration: ... Virtus Learning
20161102|http://forum.snows.ru/showthread.php?page=3&t=15634|forum.snows.ru|спасибо за ответы)) все больше склоняюсь к ангелу Nefrita, а что за проблема была что так долго
20161116|https://bobistheoilguy.com/forums/ubbthreads.php/topics/4250705/rhinogear_rhino_ramps|rhinogear rhino ramps  Tool Time  Bob Is The Oil Guy|You are not logged in. BOB IS THE OIL GUY » Forums » Lubrication and General Automotive » Tool Time » rhinogear rhino ramps Register
20161117|https://bobistheoilguy.com/forums/ubbthreads.php/topics/4251517/What_was_first_synthetic_oil_y|What was first synthetic oil you used?  Passenger Car|Check To See That The Oil Jugs You Buy Have The Exact Amount Of Oil In Them And Have An Inner Seal Under The Cap. ... Virtus_Probi Registered: 06/25/15
20161215|https://bobistheoilguy.com/forums/ubbthreads.php/posts/3923405|540 Rat oil tests  Passenger Car Motor Oil (PCMO|... BOB IS THE OIL GUY » Forums » Lubrication and General Automotive » Passenger Car Motor Oil (PCMO) - Gasoline Cars/Pickups/Vans/SUVs » 540 Rat oil
20170104|https://bobistheoilguy.com/forums/ubbthreads.php/topics/4292567/Re:_Any_Makes/Models_Spec_0w16|Any Makes/Models Spec 0w16?  Passenger Car Motor Oil|You are not logged in. BOB IS THE OIL GUY » Forums » Lubrication and General Automotive » Passenger Car Motor Oil (PCMO ... by Virtus_Probi 05/24/17
20170105|http://www.subaruforester.org/vbulletin/f207/dit-engine-subaru-upper-engine-cleaner-anyone-doing-455161/|('14+) DIT engine and Subaru upper engine cleaner|DIT engine and Subaru upper engine ... ratio of cleaner to fuel with a full tank of gas. ... Subaru SA459 upper engine cleaner in the ‘Oil Catch Can install
20170106|https://bobistheoilguy.com/forums/ubbthreads.php/posts/4250693|Raleigh Bicycles Corporate Discount  Bicycles  Bob Is|... BOB IS THE OIL GUY » Forums » General and Off Topic » Bicycles » Raleigh Bicycles Corporate Discount ... Virtus_Probi Registered: 06/25/15 Posts:
20170201|https://bobistheoilguy.com/forums/ubbthreads.php/topics/4317782/Subaru_Impreza_sti_2004|Subaru Impreza sti 2004  Passenger Car Motor Oil|The previous owner used shell ultra racing 10w 60 and he told me that it was the best as oil pressure was ok e.g. 6 psi and also during summer ... Virtus
20170201|https://abix.com.au/2017/02/01/us-concerns-spark-global-retreat/|US concerns spark global retreat – ABIX|US concerns spark global retreat. February 1, ... Westpac eased 0.94 per cent to finish at $A31.71 and Virtus Health was down 17.7 per cent at $A5.11.
20170207|http://www.youtube.com/watch?v=xQSJBzmskYk|Source BioScience's Polar Series - YouTube|Video embedded Source BioScience's Polar Series Source BioScience. Loading ... VIRTUS OIL AND GAS VOIL Penny Stock News - Duration:
20170207|https://bobistheoilguy.com/forums/ubbthreads.php/posts/4315920|Wife put gas in my diesel truck....  Mechanical|... BOB IS THE OIL GUY » Forums » Lubrication and General Automotive » Mechanical/Maintenance Forum » Wife put gas in my ... Oil viscosity Blackstone
20170209|http://castboolits.gunloads.com/showthread.php?327254-One-size-fits-all-lube|One size fits all lube? - Gunloads.com|One size fits all lube? ... Crisco, lanolin, Olive oil, and other natural ingredients. ... Gas Check : Powered by vBulletin
20170227|http://www.youtube.com/watch?v=yLGMGIGKKzI|MU Virtus - YouTube|MU Virtus Season 6 HARD! Sem Venda de Itens, ... VIRTUS OIL AND GAS VOIL Penny Stock News
20170514|http://www.subaruforester.org/vbulletin/f207/dit-engine-subaru-upper-engine-cleaner-anyone-doing-455161/index3.html|('14+) DIT engine and Subaru upper engine cleaner|... combined with the stock oil recovery system. In my case a combination of carbon/oil build up, and probably a bad tank of gas from my ... by Virtus
20170514|https://bobistheoilguy.com/forums/ubbthreads.php/posts/4405061|Castrol Edge Supercar - Bob is the Oil Guy|... BOB IS THE OIL GUY » Forums » Lubrication and General Automotive » European and Import Motor Oils » Castrol Edge Supercar ... Virtus
20170516|http://www.subaruforester.org/vbulletin/f107/miles-range-display-before-needing-gas-how-far-do-you-trust-693722/|('14+) Miles range display (before needing gas): how|How well do you trust the range miles display (for estimated available driving miles before needing gas)? When it gets low, do you ever get surprised?
20170518|https://bobistheoilguy.com/forums/ubbthreads.php/topics/4407685/Best_injector_cleaner|Best injector cleaner? - Bob is the Oil Guy|Are there other fuel injector cleaner products you recommend that I did ... Virtus_Probi Registered: 06/25 ... I add 1 bottle on last tank of gas before oil change.
20170519|https://bobistheoilguy.com/forums/ubbthreads.php/posts/4408425|Dexos 1 Gen 2 question???Passenger Car Motor Oil|Mobil gas quality vs Shell by NissanHauler ... Just use any 'ol dexos1 oil and ignore what GM is up to. ... Edited by Virtus_Probi (05/19/17 07:14 AM)
20170519|https://bobistheoilguy.com/forums/ubbthreads.php/topics/4405840/2|Dexos 1 Gen 2 question???Passenger Car Motor Oil|Your owners manual states that DEXOS approved oil is required, ... Edited by Virtus_Probi (05/19/17 07:14 AM) _____ 2014 Forester XT, 65300 miles
20170525|https://bobistheoilguy.com/forums/ubbthreads.php/posts/4413384|Perfect SATGeneral and Off TopicBob Is The Oil Guy|Metallic based detergents in HDEO bad for gas eng by Emanuel 07/07/17 07:32 PM: ... by oil_film_movies 07/07/17 07:02 PM: ... Virtus_Probi
20170527|https://bobistheoilguy.com/forums/ubbthreads.php/posts/4412946|Smaller favorite company oilPassenger Car Motor Oil|#4412946 - 05/24/17 07:56 AM Re: Smaller favorite company oil Virtus_Probi
20170527|https://bobistheoilguy.com/forums/ubbthreads.php/topics/4412621/all/Smaller_favorite_company_oil|Smaller favorite company oilPassenger Car Motor Oil|Which smaller oil company do ... Even at a Sunoco gas station their full synthetic Lubrigold ... Smaller favorite company oil Virtus_Probi
20170528|https://bobistheoilguy.com/forums/ubbthreads.php/topics/4247703/all/Castrol_Edge_Supercar|Castrol Edge Supercar - Bob is the Oil Guy|Was browsing the Castrol website, and noticed a new oil, the Edge Supercar. It is a 10W60 oil with (supposedly) ... Originally Posted By: Virtus_Probi.
20170609|https://bobistheoilguy.com/forums/ubbthreads.php/topics/4426575/Re:_Short_tripping_Cruze_1.4T_|Short tripping Cruze 1.4T which oil?Passenger Car|Is Marathon Gas Top ... but at several previous posters that mention conventional oil and the 10,000 ... Short tripping Cruze 1.4T which oil? [Re: Virtus
20170610|http://www.subaruforester.org/vbulletin/f80/how-replace-window-gussets-59527/index7.html|How To: Replace Window Gussets - Page 7 - Subaru Forester|Transmission: gas. Feedback Score: 0 ...Oil mirror screws before starting door panel removal. ... Today 09:02 AM by Virtus_Probi. 19k. 19404
20170614|https://bobistheoilguy.com/forums/ubbthreads.php/topics/4431132/2|Too much music in moviesGeneral and Off TopicBob|Motor oil smells like gas... by NavyVet88 06/16/17 08:48 AM: Rotella T3 or T6 for high revs by 2012AccentSE 06/16/17 08:26 AM: Falken Sincera...Michelin
20170618|https://bobistheoilguy.com/forums/ubbthreads.php/posts/4432052|Unplug Appliances and Freeze in the Dark !!!General|You are not logged in. BOB IS THE OIL GUY » Forums » General and Off Topic » General and Off Topic » Unplug Appliances and Freeze in the Dark !!! Register
20170619|https://bobistheoilguy.com/forums/ubbthreads.php/posts/4435570|M1 0w30 AFE lower oil temp?Passenger Car Motor Oil|Sounds like AFE has a higher level of friction modifiers (FM) than most oils. Be it in the organic or inorganic form. I don't know if this is related, but the AFE
20170619|https://bobistheoilguy.com/forums/ubbthreads.php/posts/4428928|What was your fantasy sports car as a teen?|Simpson Professional Oil by Bang 07/05/17 04:18 PM: Higher octane than recommended a waste? by PeterPolyol 07/05/17 04:07 PM: Newest Members:
20170624|https://bobistheoilguy.com/forums/ubbthreads.php/posts/4434083|One way to help avoid LSPI in a DIT engine is to use oil|You are not logged in. BOB IS THE OIL GUY » Forums » Lubrication and General Automotive » Automotive General Topics » Engine downsizing comes with
20170624|https://bobistheoilguy.com/forums/ubbthreads.php/posts/4447172|Engine downsizing comes with downsideAutomotive|You are not logged in. BOB IS THE OIL GUY » Forums » Lubrication and General Automotive » Automotive General Topics » Engine downsizing comes with
20170625|https://bobistheoilguy.com/forums/ubbthreads.php/posts/4436594|What Would You Do With A $100 Car ... - Bob is the Oil|You are not logged in. BOB IS THE OIL GUY » Forums » Lubrication and General Automotive » Automotive General Topics » What Would You Do With A $100
20170626|https://bobistheoilguy.com/forums/ubbthreads.php/posts/4441907|What Is Your Default Oil?Passenger Car Motor Oil|CBU from 100% gas vs Ethanol in GDI application by Speak2Mountain 06/28/17 11:28 AM: ... by motor_oil_madman 06/28/17 09:29 AM: Looking for
20170628|https://bobistheoilguy.com/forums/ubbthreads.php/posts/4436870|It happened again, making change. - Bob is the Oil Guy|Suggestions for a Nissan Versa 1.8 2009 oil and i by ryan2022 07/13/17 08:28 PM: ... Virtus_Probi: 06/20/17 01:49 PM: Re: It happened again, making
20170628|https://www.investing.com/equities/zweig-total-return-closed-fund-commentary|Virtus Global Dividend and Income Fund Inc (ZTR) Stock|Risk Disclosure: Fusion Media will not accept any liability for loss or damage as a result of reliance on the information contained within this website
20170629|https://bobistheoilguy.com/forums/ubbthreads.php/posts/4408015|AR-15's For $399.99Firearms: Lubes ... - Bob is the Oil|You are not logged in. BOB IS THE OIL GUY » Forums » General and Off Topic » Firearms: Lubes, Cleaners,Maintenance » AR-15's For $399.99 Register
20170629|https://bobistheoilguy.com/forums/ubbthreads.php/topics/4406924/all/AR-15's_For_$399.99|AR-15's For $399.99Firearms: Lubes, Cleaners|Oillspi by Ammofirst ... Virtus_Probi. I should go Mini-14 ... I bought a black Friday DPMS from Academy and the gas key and castle nut are staked :
20170701|https://bobistheoilguy.com/forums/ubbthreads.php/posts/4432782|2017 Camry Make Sense?VehiclesBob Is The Oil Guy|1953 letter complaining about detergent engine oil by ... Metallic based detergents in HDEO bad for gas eng by Emanuel 07/07 ... Virtus_Probi: 06/15/17 04
20170702|http://forum.snows.ru/showthread.php?page=2&t=16189|forum.snows.ru|Катаю в кулзоновском, вообще никаких проблем, ничего не промокает, ничего не продувается
20170703|https://bobistheoilguy.com/forums/ubbthreads.php/posts/4436731|Should I leave a little used oil in? ( DNewton3|You are not logged in. BOB IS THE OIL GUY » Forums » Lubrication and General Automotive » Passenger Car Motor Oil (PCMO)
20170708|https://bobistheoilguy.com/forums/ubbthreads.php/posts/4446693|Best and Worst SET of tires you've ever put onTires|You are not logged in. BOB IS THE OIL GUY » Forums » Lubrication and General Automotive » TiresWheels » Best and Worst SET of tires you've ever put
20170710|https://bobistheoilguy.com/forums/ubbthreads.php/posts/4454609|List of oils by base-oil-quality index: a ranking|You are not logged in. BOB IS THE OIL GUY » Forums » Lubrication and General Automotive » Passenger Car Motor Oil (PCMO)
20170711|https://bobistheoilguy.com/forums/ubbthreads.php/posts/4456410|Want to switch to syntheticPassenger Car Motor Oil|Additives to gas in new car (500 miles) by goixiz 07/14/17 06:16 AM: ... Suggestions for a Nissan Versa 1.8 2009 oil and i by ryan2022 07/13/17 08:28 PM:
20170712|https://bobistheoilguy.com/forums/ubbthreads.php/posts/4456306|A 911 costs more than an Accord because...|Additives to gas in new car (500 miles) by goixiz ... Suggestions for a Nissan Versa 1.8 2009 oil and i by ryan2022 ... Virtus_Probi
20170714|https://bobistheoilguy.com/forums/ubbthreads.php/posts/4460178|Used 2010's Toyota Avalon ThoughtsVehiclesBob Is|You are not logged in. BOB IS THE OIL GUY » Forums » General and Off Topic » Vehicles » Used 2010's Toyota Avalon Thoughts Register