20130211|https://www.forabodiesonly.com/mopar/threads/spectra-premium-gas-tank-do-i-need-to-paint-or-clear-coat-it.222899/|Spectra Premium Gas Tank - do I need to paint or clear|Spectra Premium Gas Tank - do I need to paint or clear coat it? Discussion in 'Fuel and Air Systems' started by sazzlefrats, Feb 9, 2013.
20150103|http://www.jaycoowners.com/forums/f37/aftermarket-diesel-gauges-24170-2.html|Aftermarket Diesel Gauges - Page 2 - Jayco RV Owners|Aftermarket Diesel Gauges Click Here to Login: Register: Registry FAQ: Members List: Calendar: Search: Today's Posts: Mark Forums Read: Log in:
20170423|http://www.trawlerforum.com/forums/s6/leyland-motor-31419.html|Leyland Motor? - Trawler Forum|Trawler Forum  Maintenance and Systems  Power Systems: Leyland Motor? Click Here to Login: ... Leyland Motor? ... 1996 Grand Banks Europa Westport
20170315|http://www.airforums.com/forums/f159/advice-on-replace-carb-with-tbi-163732.html|Advice on replace carb with TBI - Airstream Forums|Advice on replace carb with TBI. ... as far as fuel mileage ... to get one these TBI systems properly tuned for a specific engine is difficult unless you can
20150415|https://www.bdoutdoors.com/forums/threads/ocean-salmon-season-pfmc-work-in-progress.581558/page-2|Ocean Salmon Season PFMC work in progress  Page 2|Ocean Salmon Season PFMC work in progress. Discussion in 'Washington Fishing Reports' started by Fishin' Luhrs, Apr 11, 2015. Page 2 of 5
20161114|http://www.youtube.com/watch?v=yEOl_VbmaZc|Reducing the footprint - YouTube|Video embedded Reducing the footprint Ferus. Loading ... Westport 54,639 views. ... Panasonic Air Conditioning Systems 1,280 views. 2:56.
20130918|http://www.youtube.com/watch?v=WBq9wqh0E5c|Natural Gas for Cars Drives BAF Technologies' Success|Video embedded BAF Technologies is the top provider of natural gas vehicles in the U.S. But it's more than a green technology; compressed natural gas
20160208|http://www.thehulltruth.com/northeast/731801-new-hull-truth-merrimac-river.html|Merrimac River - The Hull Truth - Boating and Fishing Forum|The Hull Truth Boating and Fishing Forum ... New to The Hull Truth - Merrimac River; Log in: Username: Remember Me? ... that might not pan out well on the fuel
20130617|http://www.thehulltruth.com/boating-forum/505111-26-cape-cod-albin-new-boat-4.html|26' Cape Cod/Albin - New Boat - Page 4 - The Hull Truth|The Hull Truth Boating and Fishing Forum ... Westport MA. Posts: ... the more you use that boat the more you are going to like the diesel inboard ride and fuel
20130510|http://www.irv2.com/forums/f258/slide-problem-07-monaco-dynasty-160670.html|slide problem - 07 Monaco Dynasty - iRV2 Forums|slide problem - 07 Monaco Dynasty iRV2.com Google ... « Fuel Filter Befuddlement ... Westport, Washington.
20141007|http://www.youtube.com/watch?v=fB6PoffRfTI|Raven Transports LNG Day Cabs - YouTube|Raven Transports LNG Day Cabs TheLittleGuyShow. ... Westport 15L Engine and LNG Fuel System Training Video - Duration: 21:40. Westport
20130918|http://gm-volt.com/forum/showthread.php?73610-Chevy-Volt-in-Grand-Theft-Auto-5&s=126a3f523bfa492f4f7145e89e676311|Chevy Volt in Grand Theft Auto 5 - gm-volt.com|GM-Volt Home; FAQs; Pricing; Specs; Photos; Videos; Forum. Today's Posts; FAQ; Calendar; Auto Loans: Community
20140607|http://www.thehulltruth.com/northeast/594394-gps-indicated-speed-v-speedometer-gauge.html|GPS indicated speed v. speedometer gauge - The Hull|GPS indicated speed v. speedometer gauge. ... take an hour to get there. if your engine burns 6 GPH at load your still gonna burn 6 gallons of fuel, ... Westport
20170403|http://www.youtube.com/watch?v=GkbEyJLd6nU|Westport Fuel Systems: Engineering the world’s|Westport Fuel Systems Engineering the world’s most advanced natural gas engines and vehicles - Duration: 6:14. Westport
20130918|http://www.ft86club.com/forums/showthread.php?t=47020|Drift-Office : Phantom Supercharger - Tuned! - Scion FR|Worried about fuel consumption? ... Westport,CT. Posts: 1,182 Thanks: ... The price point relative to full-on systems is appropriate for what you get.
20161106|http://www.thehulltruth.com/boating-forum/783132-jumping-ship-wood-glass.html|Jumping ship from wood to glass - The Hull Truth|The Hull Truth Boating and Fishing Forum ... Old fuel tanks (some were fiberglass) ... Location: Westport MA. Posts: 2,864
20160903|http://www.thehulltruth.com/boating-forum/784474-regulator-23-honda-250-a.html|Regulator 23 and Honda 250 - The Hull Truth - Boating|The Hull Truth Boating and Fishing Forum ... It is reliable and fuel efficient. ... Location: Westport MA. Posts: 2,866
20170628|http://money.cnn.com/quote/quote.html?symb=WPRT|WPRT - Westport Fuel Systems Inc Stock quote - CNNMoney|Most stock quote data provided by BATS. Market indices are shown in real time, except for the DJIA, which is delayed by two minutes. All times are ET.
20161021|http://www.forestriverforums.com/forums/f16/ems-electrical-management-system-120679-3.html|EMS Electrical Management System - Page 3 - Forest|EMS Electrical Management System Click Here to Login: Portal: ... 40 Gal TransferFlow fuel tank ... Westport, Washington. Hood Park - COE
20140728|http://www.irv2.com/forums/f50/poor-television-reception-212458.html|Poor television reception - iRV2 Forums|Poor television reception. ... RV Systems  Appliances: 5: 02-28-2014 03:37 PM: Wi Fi reception: ... Westport, Washington. Ponderosa Falls RV Resort
20170702|https://www.interactivebrokers.com/en/index.php?f=4587&cntry=usa&tag=United%20States&ib_entity=llc&ln=&asset=&b=WOW&e=WZE|View Shortable Stocks  Interactive Brokers|WESTPORT FUEL SYSTEMS INC: Check Availability: WPS USD: ISHARES INTERNATIONAL DEVELO: Check Availability: WPT USD: WORLD POINT
20161108|http://www.irv2.com/forums/f101/2016-winnebago-vista-lx-35b-308570.html|2016 Winnebago Vista LX 35B - iRV2 Forums|2016 Winnebago Vista LX 35B iRV2.com Google ... Generator fuel pickup pipe ... American Sunset RV  Tent Resort Westport, Washington.
20170124|http://www.irv2.com/forums/f278/fuel-mileage-324634.html|Fuel mileage - iRV2 Forums|Can anyone tell me what rpm and at what speed they get the best fuel mileage? I'm getting 7.2 mpg at 1500 rpm which is about 67 mph. 2016 Cornerstone
20161221|http://www.irv2.com/forums/f258/warranty-for-used-diesel-pusher-320610.html|Warranty for Used Diesel Pusher? - iRV2 Forums|Warranty for Used Diesel Pusher? ... Diesel fuel additivies ... Westport, Washington. Gig Harbor RV Resort Gig Harbor, Washington.
20160328|http://www.irv2.com/forums/f107/2002-pace-arrow-parts-284029.html|2002 Pace Arrow parts - iRV2 Forums|2002 Pace Arrow parts. ... Burning fossil fuel got you down? ... Westport, Washington. Sun Country Golf Resort  RV Park Cle Elum, Washington.
20160401|http://www.marineengine.com/boat-forum/showthread.php?421667-Cracked-350-block-383-build-to-replace-need-input%2Fpage3|Cracked 350 block 383 build to replace need input|Fuel Systems ; Hardware ; Lighting ; Mooring ... You are invited to join our public Boat Repair Forum to seek assistance from other ... Puget Sound and Westport
20151018|http://www.cumminsforum.com/forum/2013-general-discussion/1796681-3500-auto-level-air-assist-compatitability-tc-2.html|3500 Auto Level Air Assist compatitability with TC - Page|I wonder how many rear air leveling systems RAM has sold versus the ... Westport Washington. Posts ... On the other hand my fuel mileage sucked ! 10.8
20140122|http://www.jaycoowners.com/forums/f5/2014-jayco-seneca-17097.html|2014 Jayco Seneca - Jayco RV Owners Forum|2014 Jayco Seneca. I just be bought a ... And FYI Driver side fuel tank is 34 gallons ( I rolled under on my creeper ) ... Westport, Washington. Reviews
20150909|http://www.irv2.com/forums/f123/380-hp-cummins-8-6-a-261711.html|380 hp Cummins 8.6 - iRV2 Forums|380 hp Cummins 8.6. ... but I would guess the fuel metering is also slightly different. _____ Gary Brinck Former ... Westport, Washington.
20160801|http://www.pwctoday.com/showthread.php?t=458410|PJS Exhaust manifold and cylinder head for 550sx|Have a exhaust header and performance cylinder head from PJS racing. ... Carb and Fuel Systems. Pump Rebuild Kits. Wear Rings. ... westport Age 21
20150923|http://www.irv2.com/forums/f23/f53-with-newer-pfs48-fuel-pump-needs-pump-only-model-220562.html|f53 with newer pfs48 fuel pump needs pump only|RV Systems  Appliances; ... town but falls on its face and starts bucking and popping it's probably the fuel pump. I tried new fuel ... Westport ,
20130601|http://www.irv2.com/forums/f22/chassis-service-parts-identification-sticker-location-155700.html|Chassis Service Parts Identification sticker location|Chassis Service Parts Identification sticker location ... Chassis Service Parts Identification sticker location. ... the fuel economy gauge didn't
20141209|http://www.irv2.com/forums/f26/freightliner-fuel-lines-228322.html|Freightliner fuel lines - iRV2 Forums|RV Systems  Appliances; Going Green ... Freightliner fuel lines iRV2.com Google Click Here to Login: Register: ... Westport, Washington. Tucannon
20161108|http://www.irv2.com/forums/f103/digi-gauge-316061.html|Digi gauge - iRV2 Forums|The digi gauge in my 2014 DS is not accurate. ... RV Systems  Tech; Gear Discussions; Technology ... Westport, Washington. Lake Mayfield Resort
20141227|http://forums.corral.net/forums/94-95-tech/1896786-94-gt-no-power-under-load.html|94 gt no power under load - Ford Mustang Forums :|94 gt no power under load. ... When it warms up and you try and accelerate it sometimes recovers and gets power but it's almost like a spark issue or fuel
20130131|http://www.c-brats.com/viewtopic.php?t=19356|The C-Brats :: - C-Dory vs Cruisers|Fuel economy was one of the significant decision points ... From Columbia Springers to Westport kings to Neah Bay lings ... 1988 C-Dory Model: 22
20140707|http://www.practicalmachinist.com/vb/general/has-anyone-seen-video-about-engines-running-fumes-287332/index3.html|Has anyone seen the video about engines running on|Has anyone seen the video about engines running on fumes ? ... Cummins Westport - Natural Gas Fuel Systems - Natural Gas Academy Videos.
20161021|https://downeastboatforum.com/threads/true-north-38-characteristics.18995/|True north 38 characteristics  Downeast Boat Forum|True north 38 characteristics. ... engine room access is very good for all systems ... Boston/Westport, MA Boat Make:
20161226|http://www.ramforumz.com/showthread.php?t=228857|My new 2017 - DODGE RAM FORUM - Ram Forums|My new 2017 2017 Dodge Ram Forum ... Location: Westport Island Maine. Posts: 210 Gender: Male. ... Inc. vB.Sponsors. Sponsor Ad:
20160328|http://www.youtube.com/watch?v=ApjW8hLHx6w|2000-2006 Toyota Tundra Performance Exhaust|2000-2006 Toyota Tundra Performance Exhaust System Kit Motorhead Garage ... 2000-2006 Toyota Tundra Performance Exhaust System Kit ... Fuel
20160310|https://www2.pajeroclub.com.au/forum/showthread.php?s=93ddf6966dd621a3d78a872fec03e2a1&t=54112&page=2|Pajero nm 2001 green lights flashing - Page 2 - Pajero|Page 2- Pajero nm 2001 green lights flashing Generation 3 Pajero
20141227|http://www.irv2.com/forums/f101/where-is-the-fresh-water-tank-2000-journey-36-a-230208.html|Where is the fresh water tank? 2000 journey 36 - iRV2|Where is the fresh water tank? 2000 journey 36. ... (the other is fuel) ... RV Systems  Appliances: 6: 07-30-2014 07:23 AM:
20151212|http://www.irv2.com/forums/f104/2008-alpine-moldings-and-body-parts-270505.html|2008 Alpine moldings and body parts? - iRV2 Forums|2008 Alpine moldings and body parts? iRV2.com Google ... Fuel Line Failure. ... Westport, Washington.
20140703|http://www.youtube.com/watch?v=Rsfn-tOPaLI|Agility Fuel Systems CNG System Overview - YouTube|Video embedded Agility Fuel Systems Compressed Natural Gas (CNG) ... 32:47. Westport 15L Engine and LNG Fuel System Training Video - Duration: 21:40. Westport
20160915|http://www.thehulltruth.com/northeast/778113-32-grand-banks.html|32 Grand Banks - The Hull Truth - Boating and Fishing Forum|The Hull Truth Boating and Fishing Forum ... well laid out and functioning systems so that I'm not dumping ... able to find any good data on fuel burn
20130715|http://www.youtube.com/watch?v=YU48AirLRC4|Ryder Natural Gas Fuel Stations VNR - YouTube|Ryder System, Inc., a leader in commercial transportation and supply chain management solutions, has
20150806|http://www.irv2.com/forums/f44/hl-sundance-receiver-hitch-install-in-rear-257692.html|HL Sundance receiver hitch install in rear - iRV2 Forums|HL Sundance receiver hitch install in rear. ... Vogue fuel cap. Mouse in my camper! ... Westport, Washington. Andersen's RV Park
20170315|http://www.thehulltruth.com/northeast/827825-2017-south-vineyard-buddy-boat-thread-3.html|2017 South of the Vineyard Buddy-Boat Thread - Page 3|The Hull Truth Boating and Fishing Forum ... I run out of Westport and will usually run anywhere from South of Block Island ... So that's your best bet And has fuel.
20130508|http://www.youtube.com/watch?v=I71ev5pGmVA|Truck Buying Guide - The CNG Advantage - YouTube|Video embedded Truck Buying Guide - The CNG Advantage Westport. ... Westport Fuel Systems Engineering the world’s most advanced natural
20141225|http://www.irv2.com/forums/f87/class-c-itasca-spirit-31k-226361.html|Class C Itasca Spirit 31k - iRV2 Forums|RV Systems  Tech; Gear Discussions; ... Class C Itasca Spirit 31k iRV2.com Google Click Here to Login: Register: ... Westport, Washington.
20130918|http://www.youtube.com/watch?v=feWu7L_-Xxo|Tri-Star Construction (Westport WiNG™|Westport Fuel Systems Engineering the world’s most advanced natural gas engines and vehicles - Duration: 6:14. Westport
20130617|https://www.bdoutdoors.com/forums/threads/volvo-diesel-i-o-or-twin-outboards-what-to-go-with.499262/|Volvo Diesel I/O or Twin outboards What to go with|Volvo Diesel I/O or Twin outboards What to go with? ... maintaining my diesels and the fuel economy but they aren't for ... Mukilteo or Westport Name:
20160901|http://www.airforums.com/forums/f159/is-my-turbo-working-112252-3.html|Is my turbo working? - Page 3 - Airstream Forums|Is my turbo working? Click ... the Racor is 10 micron and I haven't changed the filter on the engine in ages because it only sees clean fuel. ... Systems ,
20130801|http://www.youtube.com/watch?v=L2V-KvGJMOE|Dynaflow Lectures - June 13th 2013 - LNG|Dynaflow Lecture: The technical challenges for mid-scale LNG systems. Presented by: Jan van Houwenhove, Managing Director of Cryonorm Systems. The Dynaflow
20160217|http://www.irv2.com/forums/f22/auto-park-stuck-on-winnebago-adventurer-limited-2008-a-279246.html|Auto park stuck on Winnebago Adventurer Limited 2008|Auto park stuck on Winnebago Adventurer Limited 2008. ... Auto park stuck on Winnebago Adventurer Limited 2008. ... Burning fossil fuel got you down?
20130918|http://www.thehulltruth.com/northeast/538205-navy-conduct-torpedo-training-off-nantucket.html|Navy to conduct torpedo training off Nantucket - The|Navy to conduct torpedo training off Nantucket; Log in: Username: ... The helicopters may stop at Nan­tucket Memorial Airport to re­fuel. ... Westport MA.
20151212|https://www2.pajeroclub.com.au/forum/showthread.php?t=49796&page=2|Towing Ability 3100kg, yeh right!!!!!!!!!!!! - Page 2|Page 2- Towing Ability 3100kg, yeh right!!!!! Pajero Sport
20161226|http://www.irv2.com/forums/f123/my-330-hp-cummins-needs-more-oooooomph-320258-3.html|My 330 hp Cummins needs more Oooooomph! - Page 3 - irv2.com|This will show any changes made to the fuel mapping/engine control. ... My 330 hp Cummins needs more Oooooomph! iRV2.com Google ... Westport,
20160401|http://www.irv2.com/forums/f278/how-to-change-onan-qd-10000-fuel-filter-256843.html|How to change Onan QD 10000 Fuel Filter? - iRV2 Forums|How to change Onan QD 10000 Fuel Filter? ... Onan Microquiet kinked fuel lines: JSPAUL3: RV Systems  Appliances: 3: ... Westport, Washington. Lewis
20130801|http://www.irv2.com/forums/f54/onan-generator-wont-crank-156565.html|Onan Generator won't crank - iRV2 Forums|Onan Generator won't crank. ... I just spoke with a guy that installs electrical systems on police vehicles. ... What could be causing the fuel starvation